时间, 账本, 类型, 一级分类, 二级分类, 金额, 账户, 报销, 备注
2025/11/01 19:37:33,日常账本,支出,餐饮,,-22.0,微信钱包,,木耳肉盖饭
2025/11/01 14:30:36,日常账本,支出,日用,洗衣液,-6.87,支付宝,,洗衣液
2025/10/31 12:52:41,日常账本,收入,其他,扫码领,1.0,微信钱包,,开箱有礼码上有钱-陕西-1元微信红包-1.00
2025/10/31 12:51:06,日常账本,收入,其他,扫码领,0.58,微信钱包,,开盖扫码赢888现金红包
2025/10/31 11:56:13,日常账本,收入,任推邦,,20.94,中信银行,,网盘推广
2025/10/30 20:43:51,日常账本,支出,交通,,-30.0,微信钱包,,微付充科技
2025/10/29 17:20:01,日常账本,支出,餐饮,,-13.5,支付宝,,潮汕李仔记(咸宁路店)外卖订单
2025/10/28 22:18:24,日常账本,收入,咸鱼收入,,1.0,支付宝,,闲鱼转账
2025/10/28 20:29:40,日常账本,支出,餐饮,,-36.0,微信钱包,,魏斯理汉堡
2025/10/28 20:14:16,日常账本,支出,买药,,-56.0,微信钱包,,异维a酸
2025/10/28 15:16:12,日常账本,支出,其它,,-0.4,微信钱包,,留白打印
2025/10/28 14:20:54,日常账本,支出,其它,,-0.2,微信钱包,,留白打印
2025/10/28 14:14:07,日常账本,支出,其它,,-0.2,微信钱包,,留白打印
2025/10/28 12:00:50,日常账本,支出,饮品,饮料,-5.0,微信钱包,,元气森林
2025/10/28 11:44:26,日常账本,支出,餐饮,,-11.69,微信钱包,,称重快餐
2025/10/27 19:58:47,日常账本,支出,零食,,-16.5,微信钱包,,粮食+冰茶
2025/10/27 19:53:56,日常账本,支出,零食,,-2.0,微信钱包,,脆骨肠
2025/10/27 19:36:54,日常账本,支出,餐饮,,-7.5,微信钱包,,手抓饼
2025/10/27 12:55:52,日常账本,支出,餐饮,,-3.0,微信钱包,,肉肠
2025/10/27 12:53:48,日常账本,支出,餐饮,,-18.8,微信钱包,,香锅
2025/10/27 12:46:11,日常账本,支出,其它,,-5.0,微信钱包,,洗衣服
2025/10/26 23:07:25,日常账本,收入,转账薅钱,,3.0,支付宝,,转账薅钱
2025/10/26 21:15:13,日常账本,支出,饮品,矿泉水,-7.0,微信钱包,,农夫山泉和百岁山
2025/10/26 19:21:30,日常账本,支出,餐饮,,-36.0,微信钱包,,魏斯理汉堡
2025/10/26 17:59:04,日常账本,支出,饮品,饮料,-5.9,微信钱包,,瑞幸冰茶
2025/10/26 13:07:57,日常账本,支出,其它,,-2.0,微信钱包,,打印
2025/10/26 09:44:41,日常账本,支出,其它,,-2.0,支付宝,,阿里云
2025/10/25 19:08:13,日常账本,转账,转账,,-30.0,支付宝,,支付宝>微信钱包
2025/10/25 19:08:13,日常账本,转账,转账,,30.0,微信钱包,,支付宝>微信钱包
2025/10/25 16:39:40,日常账本,支出,游戏,,-50.0,微信钱包,,500点券*1(为2**933购买)
2025/10/24 14:26:46,日常账本,支出,餐饮,,-36.0,微信钱包,,魏斯理汉堡
2025/10/24 14:16:33,日常账本,支出,住房,水费,-9.97,支付宝,,水卡充值
2025/10/24 14:15:05,日常账本,支出,交通,,-30.0,微信钱包,,微付充科技
2025/10/23 20:22:24,日常账本,支出,饮品,饮料,-4.5,微信钱包,,可乐
2025/10/23 20:08:57,日常账本,支出,餐饮,,-18.5,微信钱包,,香锅
2025/10/23 15:02:20,日常账本,支出,其它,,-10.0,微信钱包,,快递费
2025/10/23 14:38:05,日常账本,支出,其它,,-120.0,支付宝,,三方
2025/10/23 13:53:40,日常账本,支出,餐饮,,-19.9,微信钱包,,塔斯汀
2025/10/23 11:29:52,日常账本,收入,红包,,1.63,微信钱包,,嘟嘟嘟JIMILIMITADA的红包
2025/10/23 11:22:40,日常账本,收入,红包,,1.77,微信钱包,,嘟嘟嘟JIMILIMITADA的红包
2025/10/23 11:19:35,日常账本,收入,红包,,1.1,微信钱包,,嘟嘟嘟JIMILIMITADA的红包
2025/10/23 07:59:39,日常账本,支出,餐饮,,-5.5,微信钱包,,饼
2025/10/22 18:09:24,日常账本,支出,日用,卫生纸,-5.0,微信钱包,,抽纸
2025/10/22 18:01:31,日常账本,支出,其它,,-1.1,微信钱包,,双鱼复印店
2025/10/22 17:23:24,日常账本,支出,餐饮,,-23.0,微信钱包,,魏斯理汉堡 烤鸡翅
2025/10/22 16:51:30,日常账本,支出,餐饮,,-36.0,微信钱包,,魏斯理汉堡
2025/10/22 10:20:09,日常账本,支出,餐饮,,-2.5,微信钱包,,稀饭
2025/10/22 10:19:13,日常账本,支出,饮品,矿泉水,-7.0,微信钱包,,农夫山泉+肉肠
2025/10/22 10:07:25,日常账本,支出,餐饮,,-7.5,微信钱包,,手抓饼
2025/10/22 08:58:48,日常账本,支出,通讯,,-20.0,微信钱包,,中国广电花费
2025/10/21 17:50:34,日常账本,支出,餐饮,,-22.0,微信钱包,,塔斯汀
2025/10/21 13:24:41,日常账本,收入,红包,,0.03,微信钱包,,Aa马有钱的红包
2025/10/21 11:52:31,日常账本,支出,餐饮,,-13.59,微信钱包,,称重快餐
2025/10/21 09:07:49,日常账本,支出,餐饮,,-3.5,微信钱包,,饼
2025/10/20 23:55:13,日常账本,支出,其它,,-10.0,微信钱包,,打印证件照
2025/10/20 18:40:45,日常账本,支出,饮品,矿泉水,-4.0,微信钱包,,农夫山泉
2025/10/20 18:32:38,日常账本,支出,饮品,矿泉水,-3.0,微信钱包,,百岁山
2025/10/20 18:09:34,日常账本,支出,餐饮,,-13.8,微信钱包,,烧鸭饭
2025/10/19 20:45:05,日常账本,支出,其它,,-1.0,微信钱包,,商户-时朝鲜
2025/10/19 20:31:49,日常账本,支出,住房,电费,-12.5,微信钱包,,电费
2025/10/19 19:39:04,日常账本,支出,餐饮,,-16.88,支付宝,,塔斯汀·中国汉堡(灞桥咸宁东路店)外卖订单
2025/10/19 16:59:33,日常账本,支出,购物,,-93.0,微信钱包,,耳机
2025/10/18 21:28:18,日常账本,支出,餐饮,,-39.87,支付宝,,榴莲千层
2025/10/18 21:24:10,日常账本,支出,餐饮,,-27.85,支付宝,,烧鸡
2025/10/18 20:36:08,日常账本,支出,餐饮,,-51.34,支付宝,,魏斯理汉堡
2025/10/18 16:55:42,日常账本,支出,购物,,-23.13,微信钱包,,唇膏
2025/10/18 16:48:35,日常账本,收入,红包,,100.0,微信钱包,,F-妈的红包
2025/10/17 17:37:36,日常账本,支出,购物,,-3.88,微信钱包,,核桃刷
2025/10/17 15:48:38,日常账本,支出,餐饮,,-36.0,微信钱包,,魏斯理汉堡
2025/10/17 10:10:13,日常账本,支出,餐饮,,-7.5,微信钱包,,手抓饼
2025/10/16 17:15:29,日常账本,支出,餐饮,,-12.17,微信钱包,,称重快餐
2025/10/16 10:42:07,日常账本,支出,饮品,,-9.0,微信钱包,,农夫山泉和冰茶
2025/10/16 10:08:24,日常账本,支出,餐饮,,-13.11,微信钱包,,称重快餐
2025/10/15 17:05:15,日常账本,支出,餐饮,,-36.0,微信钱包,,烤肥牛堡
2025/10/15 10:07:39,日常账本,支出,餐饮,,-7.5,微信钱包,,手抓饼
2025/10/14 20:57:48,日常账本,支出,饮品,矿泉水,-4.0,微信钱包,,农夫山泉
2025/10/14 20:47:44,日常账本,支出,餐饮,,-16.0,微信钱包,,香锅
2025/10/14 10:10:27,日常账本,支出,餐饮,,-17.3,微信钱包,,香辣牛肉炒饭
2025/10/13 19:04:02,日常账本,支出,饮品,饮料,-8.0,微信钱包,,海之言和彩虹糖
2025/10/13 18:52:20,日常账本,支出,餐饮,,-6.0,微信钱包,,麦香馅饼
2025/10/13 15:46:20,日常账本,支出,其它,,-5.0,微信钱包,,洗衣服
2025/10/13 13:41:39,日常账本,支出,餐饮,,-21.9,微信钱包,,塔斯汀
2025/10/13 12:33:44,日常账本,收入,其他,流量卡,188.0,支付宝,,流量卡
2025/10/13 07:16:45,日常账本,支出,餐饮,,-7.5,微信钱包,,手抓饼
2025/10/13 02:56:57,日常账本,支出,交通,共享单车,-1.5,中信银行,,
2025/10/13 02:40:57,日常账本,支出,交通,打车,-14.39,支付宝,,高德打车
2025/10/13 02:32:52,日常账本,支出,娱乐,放松,-192.34,微信钱包,,航天城
2025/10/12 23:08:32,日常账本,支出,娱乐,网吧,-60.0,微信钱包,,网吧a钱
2025/10/12 20:09:25,日常账本,支出,娱乐,网吧,-25.8,微信钱包,,卓威电竞（常宁宫店）-美团微信小程序-25101211100400001302974378024778
2025/10/12 18:26:15,日常账本,支出,零食,,-12.0,微信钱包,,水溶c100和瑞士卷
2025/10/12 17:17:26,日常账本,支出,交通,,-30.0,微信钱包,,微付充科技
2025/10/11 19:21:38,日常账本,支出,购物,,-1.99,支付宝,,【直充秒到】夸克网盘超级会员svip天卡夸克超级会员一天直充
2025/10/11 15:34:07,日常账本,支出,餐饮,,-4.9,微信钱包,,手抓饼
2025/10/11 14:26:19,日常账本,支出,餐饮,,-36.0,微信钱包,,魏斯理汉堡
2025/10/11 11:05:08,日常账本,支出,住房,水费,-20.0,支付宝,,水卡
2025/10/10 19:51:33,日常账本,支出,饮品,矿泉水,-5.0,微信钱包,,农夫山泉
2025/10/10 19:50:12,日常账本,支出,餐饮,,-18.8,微信钱包,,香锅
2025/10/10 11:37:54,日常账本,支出,饮品,矿泉水,-6.0,微信钱包,,农夫山泉和一根肠
2025/10/10 11:37:12,日常账本,支出,餐饮,,-11.3,微信钱包,,快餐
2025/10/09 17:46:27,日常账本,支出,零食,,-14.7,微信钱包,,培华便利岛超市
2025/10/09 17:38:42,日常账本,支出,零食,,-2.0,微信钱包,,红肠
2025/10/09 17:18:36,日常账本,支出,餐饮,,-17.4,微信钱包,,香锅
2025/10/09 10:13:46,日常账本,支出,餐饮,,-13.0,微信钱包,,拌饭
2025/10/08 20:09:13,日常账本,支出,零食,,-3.0,微信钱包,,肉肠
2025/10/08 19:52:13,日常账本,支出,餐饮,,-7.5,微信钱包,,手抓饼
2025/10/08 12:19:20,日常账本,支出,饮品,矿泉水,-4.0,微信钱包,,农夫山泉
2025/10/08 12:09:37,日常账本,支出,餐饮,,-23.9,微信钱包,,塔斯汀
2025/10/07 21:17:24,日常账本,支出,饮品,矿泉水,-5.0,微信钱包,,农夫山泉
2025/10/07 20:23:33,日常账本,支出,餐饮,,-18.0,微信钱包,,西安市福顺源牛肉块面牛肉粉
2025/10/07 20:12:18,日常账本,支出,日用,卫生纸,-1.0,微信钱包,,小包纸
2025/10/07 12:44:52,日常账本,支出,饮品,饮料,-5.0,微信钱包,,冰茶
2025/10/05 13:00:52,日常账本,收入,A钱,,13.0,微信钱包,,
2025/10/05 12:59:54,日常账本,支出,购物,,-12.9,微信钱包,,文玩核桃刷
2025/10/05 12:58:10,日常账本,支出,餐饮,,-36.0,微信钱包,,魏斯理汉堡
2025/10/04 20:02:30,日常账本,支出,餐饮,,-26.3,支付宝,,米村拌饭(西咸吾悦广场店)外卖订单
2025/10/04 12:58:56,日常账本,收入,火影租号,,51.92,支付宝,,U号租余额提现
2025/10/04 11:24:39,日常账本,支出,餐饮,,-26.6,支付宝,,华莱士·全鸡汉堡(沣东实验小学店)外卖订单
2025/10/03 18:10:38,日常账本,支出,餐饮,,-21.77,支付宝,,延边延米餐饮管理有限公司
2025/10/03 17:48:47,日常账本,支出,交通,,-30.0,微信钱包,,公交卡充值
2025/10/03 11:25:08,日常账本,支出,餐饮,,-19.9,支付宝,,喜赞·轻食沙拉·健康餐(西咸吾悦店)外卖订单
2025/10/03 11:16:43,日常账本,支出,游戏,,-11.0,微信钱包,,Q币
2025/10/02 19:59:11,日常账本,支出,饮品,饮料,-12.8,微信钱包,,苏打水
2025/10/02 19:31:50,日常账本,支出,餐饮,,-35.0,微信钱包,,池奈（沣东吾悦广场店）
2025/10/02 12:28:25,日常账本,支出,餐饮,,-23.1,支付宝,,海底捞·拌饭(西安吾悦广场店)外卖订单
2025/10/01 18:09:50,日常账本,支出,餐饮,,-36.0,微信钱包,,魏斯理汉堡
2025/10/01 10:44:28,日常账本,支出,饮品,饮料,-4.0,微信钱包,,营养快线
2025/10/01 10:43:13,日常账本,支出,餐饮,,-18.9,微信钱包,,香锅
2025/09/30 18:06:47,日常账本,支出,餐饮,,-58.0,微信钱包,,魏斯理汉堡
2025/09/30 14:18:41,日常账本,收入,红包,,0.36,微信钱包,,嘟嘟嘟JIMILIMITADA的红包
2025/09/30 11:27:25,日常账本,收入,红包,,0.43,微信钱包,,浅笑安然的红包
2025/09/30 11:24:41,日常账本,收入,红包,,0.01,微信钱包,,NULL的红包
2025/09/30 10:19:06,日常账本,支出,餐饮,,-3.5,微信钱包,,包子
2025/09/30 10:10:22,日常账本,支出,饮品,饮料,-4.5,微信钱包,,可乐
2025/09/30 09:07:08,日常账本,支出,零食,,-2.0,微信钱包,,肠
2025/09/30 07:56:42,日常账本,支出,购物,,-1.9,微信钱包,,双鱼复印店
2025/09/29 19:38:59,日常账本,支出,餐饮,,-7.5,微信钱包,,手抓饼
2025/09/29 13:20:33,日常账本,支出,零食,,-3.0,微信钱包,,肉肠
2025/09/29 13:06:21,日常账本,支出,餐饮,,-13.5,微信钱包,,香锅
2025/09/29 13:04:01,日常账本,支出,饮品,饮料,-4.92,支付宝,,冰茶
2025/09/29 12:45:28,日常账本,收入,生活费,,1500.0,微信钱包,,
2025/09/28 19:13:03,日常账本,支出,零食,,-5.02,支付宝,,冰茶和零食
2025/09/28 19:09:24,日常账本,支出,零食,,-3.0,微信钱包,,西安培华学院肉肠
2025/09/28 18:56:55,日常账本,支出,餐饮,,-7.5,微信钱包,,手抓饼
2025/09/28 10:30:12,日常账本,支出,饮品,饮料,-3.5,微信钱包,,可乐
2025/09/28 10:28:48,日常账本,支出,餐饮,,-17.0,微信钱包,,炒菜 西兰花牛肉
2025/09/27 19:00:33,日常账本,支出,餐饮,,-22.0,微信钱包,,魏家凉皮
2025/09/26 15:55:40,日常账本,支出,交通,,-30.0,微信钱包,,公交卡充值
2025/09/26 12:09:52,日常账本,支出,餐饮,,-20.1,微信钱包,,沙拉
2025/09/26 11:31:22,日常账本,支出,购物,,-0.7,微信钱包,,双鱼复印店
2025/09/25 19:43:33,日常账本,支出,饮品,矿泉水,-6.0,微信钱包,,农夫山泉
2025/09/25 19:37:48,日常账本,支出,餐饮,,-7.5,微信钱包,,手抓饼
2025/09/25 13:11:47,日常账本,支出,饮品,饮料,-4.7,支付宝,,冰茶
2025/09/25 13:08:56,日常账本,支出,零食,,-2.0,微信钱包,,玉米肠
2025/09/25 12:50:38,日常账本,支出,餐饮,,-12.5,微信钱包,,香锅
2025/09/25 11:32:30,日常账本,支出,其它,,-2.7,支付宝,,学习
2025/09/25 10:13:29,日常账本,支出,购物,,-3.5,微信钱包,,双鱼复印店
2025/09/24 19:17:57,日常账本,支出,饮品,饮料,-4.5,微信钱包,,可乐
2025/09/24 19:06:10,日常账本,支出,购物,,-3.5,微信钱包,,打印
2025/09/24 19:01:40,日常账本,支出,餐饮,,-7.5,微信钱包,,手抓饼
2025/09/24 13:55:04,日常账本,支出,餐饮,,-36.0,微信钱包,,魏斯理汉堡
2025/09/24 13:15:07,日常账本,支出,游戏,,-50.0,微信钱包,,深圳市腾讯天游科技有限公司
2025/09/24 00:11:51,日常账本,支出,住房,电费,-12.5,微信钱包,,学校电费
2025/09/23 21:17:55,日常账本,支出,住房,水费,-19.92,支付宝,,学校水卡
2025/09/23 19:53:57,日常账本,支出,餐饮,,-3.0,微信钱包,,包子和茶叶蛋
2025/09/23 19:45:06,日常账本,支出,餐饮,,-7.5,微信钱包,,手抓饼
2025/09/23 13:18:28,日常账本,支出,零食,,-4.0,微信钱包,,卤蛋
2025/09/23 13:15:28,日常账本,支出,餐饮,,-16.0,微信钱包,,炒菜 包菜肉卷
2025/09/23 10:57:58,日常账本,收入,零钱通,,1.0,微信钱包,,
2025/09/23 10:04:41,日常账本,支出,游戏,,-146.0,微信钱包,,火影忍法帖
2025/09/22 20:05:38,日常账本,支出,通讯,,-5.0,支付宝,,阿里云
2025/09/22 18:26:59,日常账本,支出,餐饮,,-14.7,微信钱包,,沙拉
2025/09/22 13:14:40,日常账本,支出,饮品,矿泉水,-6.0,微信钱包,,农夫山泉
2025/09/22 12:51:03,日常账本,支出,餐饮,,-13.8,微信钱包,,烧鸭饭
2025/09/21 20:12:42,日常账本,支出,零食,,-8.0,微信钱包,,可口可乐和薯片
2025/09/21 20:07:06,日常账本,支出,零食,,-3.0,微信钱包,,肉肠
2025/09/21 19:53:26,日常账本,支出,餐饮,,-7.5,微信钱包,,手抓饼
2025/09/19 18:52:56,日常账本,支出,发型,,-199.0,中信银行,,理发店刷好评
2025/09/19 18:43:57,日常账本,支出,发型,,-30.0,微信钱包,,理发店刷好评
2025/09/19 18:43:39,日常账本,收入,其他,,230.0,微信钱包,,理发店刷好评
2025/09/19 17:35:29,日常账本,支出,零食,,-6.0,微信钱包,,煎饺
2025/09/19 15:39:54,日常账本,支出,交通,,-30.0,微信钱包,,公交卡充值
2025/09/19 13:08:13,日常账本,支出,餐饮,,-6.0,微信钱包,,麦香馅饼
2025/09/19 09:15:59,日常账本,收入,任推邦,,45.69,中信银行,,网盘推广
2025/09/18 19:19:52,日常账本,支出,餐饮,,-7.5,微信钱包,,手抓饼
2025/09/18 13:20:37,日常账本,收入,红包,,0.16,微信钱包,,嘟嘟嘟JIMILIMITADA的红包
2025/09/18 13:20:13,日常账本,支出,饮品,矿泉水,-3.0,微信钱包,,百岁山
2025/09/18 13:18:09,日常账本,支出,餐饮,,-14.2,微信钱包,,沙拉
2025/09/18 10:22:24,日常账本,收入,红包,,0.73,微信钱包,,嘟嘟嘟JIMILIMITADA的红包
2025/09/17 21:14:35,日常账本,支出,饮品,,-9.0,微信钱包,,矿泉水四块，饮料五块
2025/09/17 21:10:29,日常账本,支出,零食,,-2.0,微信钱包,,玉米肠
2025/09/17 13:20:18,日常账本,支出,餐饮,,-23.0,微信钱包,,烤鸡翅
2025/09/17 13:20:07,日常账本,支出,餐饮,,-36.0,微信钱包,,烤肥牛堡
2025/09/16 21:17:30,日常账本,支出,餐饮,,-6.0,微信钱包,,饼
2025/09/16 18:11:51,日常账本,支出,饮品,饮料,-4.68,支付宝,,农夫山泉茶派蜜桃乌龙茶瓶装500ml*1
2025/09/16 16:57:47,日常账本,收入,转账薅钱,,7.0,支付宝,,支付宝商家服务-收款记录
2025/09/16 13:47:40,日常账本,收入,红包,,0.05,微信钱包,,Tom的红包
2025/09/16 12:34:15,日常账本,支出,餐饮,,-12.0,微信钱包,,烤鸭拌饭
2025/09/16 09:18:13,日常账本,收入,转账薅钱,,5.0,支付宝,,支付宝商家服务-收款记录
2025/09/15 19:33:17,日常账本,支出,饮品,矿泉水,-3.0,微信钱包,,农夫山泉
2025/09/15 19:31:16,日常账本,支出,餐饮,,-17.0,微信钱包,,西兰花炒牛肉
2025/09/15 12:34:13,日常账本,支出,通讯,,-150.0,微信钱包,,校园网
2025/09/15 11:43:23,日常账本,支出,饮品,矿泉水,-2.9,支付宝,,百岁山
2025/09/15 11:39:10,日常账本,支出,餐饮,,-2.0,微信钱包,,脆骨肠
2025/09/15 11:38:46,日常账本,支出,餐饮,,-13.0,微信钱包,,快餐
2025/09/15 10:33:15,日常账本,支出,住房,,-5.0,微信钱包,,洗衣服
2025/09/14 20:13:10,日常账本,支出,餐饮,,-7.5,微信钱包,,手抓饼
2025/09/14 20:08:25,日常账本,支出,饮品,饮料,-5.0,微信钱包,,冰茶
2025/09/14 12:04:13,日常账本,收入,其他,签到领,0.24,支付宝,,淘宝签到提现
2025/09/13 19:09:34,日常账本,支出,餐饮,,-20.7,微信钱包,,米村拌饭 烤牛肉拌饭
2025/09/12 20:18:02,日常账本,支出,娱乐,放松,-139.0,微信钱包,,
2025/09/12 19:22:18,日常账本,支出,餐饮,,-28.0,微信钱包,,池奈 香煎鸡扒能量拌饭
2025/09/12 17:02:29,日常账本,支出,购物,,-3.09,支付宝,,买菜
2025/09/12 12:33:48,日常账本,支出,餐饮,,-15.6,微信钱包,,沙拉
2025/09/12 12:02:45,日常账本,收入,红包,,1.41,微信钱包,,嘟嘟嘟JIMILIMITADA的红包
2025/09/11 19:53:57,日常账本,支出,日用,,-4.9,支付宝,,洗衣液
2025/09/11 19:15:56,日常账本,支出,饮品,矿泉水,-3.42,支付宝,,农夫山泉
2025/09/11 19:14:50,日常账本,支出,餐饮,,-3.0,微信钱包,,水煮蛋
2025/09/11 18:00:26,日常账本,支出,餐饮,,-17.4,微信钱包,,沙拉
2025/09/11 13:03:51,日常账本,支出,餐饮,,-12.48,微信钱包,,称重快餐
2025/09/11 12:17:12,日常账本,支出,住房,电费,-12.5,微信钱包,,学校电费
2025/09/11 10:14:10,日常账本,支出,游戏,,-6.0,微信钱包,,60点券*1(为2**933购买)
2025/09/11 10:12:55,日常账本,支出,游戏,,-6.0,微信钱包,,微信转账到QQ
2025/09/10 18:32:37,日常账本,支出,餐饮,,-13.8,微信钱包,,沙拉
2025/09/10 13:02:09,日常账本,支出,餐饮,,-36.0,微信钱包,,魏斯理汉堡
2025/09/09 21:22:05,日常账本,支出,饮品,矿泉水,-3.34,支付宝,,农夫山泉
2025/09/09 21:03:47,日常账本,支出,住房,水费,-20.0,支付宝,,水卡
2025/09/09 18:15:46,日常账本,支出,餐饮,,-13.27,微信钱包,,称重快餐
2025/09/09 13:06:19,日常账本,收入,红包,,0.01,微信钱包,,Aa马有钱的红包
2025/09/09 12:58:49,日常账本,支出,餐饮,,-15.4,微信钱包,,沙拉
2025/09/08 19:11:23,日常账本,支出,餐饮,,-13.2,微信钱包,,麻辣拌
2025/09/08 11:58:55,日常账本,支出,餐饮,,-3.0,微信钱包,,水煮蛋
2025/09/08 11:44:30,日常账本,支出,餐饮,,-12.32,微信钱包,,称重快餐
2025/09/07 23:28:14,日常账本,支出,通讯,,-2.0,支付宝,,阿里云续费
2025/09/07 20:06:31,日常账本,支出,饮品,矿泉水,-7.0,微信钱包,,百岁山和两升农夫山泉
2025/09/07 19:56:32,日常账本,支出,餐饮,,-3.0,微信钱包,,水煮蛋
2025/09/07 19:42:13,日常账本,支出,餐饮,,-11.69,微信钱包,,称重快餐
2025/09/07 11:57:15,日常账本,支出,服饰,鞋,-148.99,微信钱包,,361防雨通勤鞋
2025/09/06 21:23:58,日常账本,支出,购物,,-4.01,中信银行,,七号电池
2025/09/06 21:23:29,日常账本,支出,买药,,-28.36,中信银行,,复合维生素
2025/09/06 18:03:39,日常账本,支出,餐饮,,-18.9,微信钱包,,米村拌饭
2025/09/06 00:34:48,日常账本,支出,住房,电费,-12.5,微信钱包,,学校电费
2025/09/05 15:28:40,日常账本,支出,游戏,,-6.0,微信钱包,,微信转账到QQ
2025/09/05 13:20:54,日常账本,支出,餐饮,,-4.0,微信钱包,,包子
2025/09/05 13:07:24,日常账本,支出,餐饮,,-9.95,微信钱包,,称重快餐
2025/09/04 21:02:00,日常账本,支出,零食,,-4.0,微信钱包,,旺旺小小酥
2025/09/04 18:20:10,日常账本,支出,零食,,-2.0,微信钱包,,脆骨肠
2025/09/04 18:04:18,日常账本,支出,餐饮,,-9.32,微信钱包,,称重快餐
2025/09/04 11:55:06,日常账本,支出,零食,,-2.0,微信钱包,,玉米肠
2025/09/04 11:40:55,日常账本,支出,餐饮,,-13.0,微信钱包,,白斩鸡饭
2025/09/03 18:28:36,日常账本,支出,饮品,矿泉水,-6.0,微信钱包,,百岁山和农夫山泉
2025/09/03 18:08:19,日常账本,支出,餐饮,,-17.4,微信钱包,,冒菜
2025/09/03 13:26:07,日常账本,收入,其他,扫码领,0.5,微信钱包,,农夫山泉冰茶开盖有奖微信红包
2025/09/03 12:57:34,日常账本,支出,饮品,饮料,-5.0,微信钱包,,冰茶
2025/09/03 12:43:14,日常账本,支出,餐饮,,-11.0,微信钱包,,木桶饭
2025/09/02 18:49:39,日常账本,支出,餐饮,,-23.9,微信钱包,,塔斯汀
2025/09/02 13:46:26,日常账本,支出,饮品,矿泉水,-2.0,微信钱包,,农夫山泉
2025/09/02 13:44:34,日常账本,支出,餐饮,,-18.0,微信钱包,,炒菜葱爆肉卷
2025/09/01 18:26:32,日常账本,支出,餐饮,,-12.0,微信钱包,,民族脆鸡饭
2025/09/01 18:25:20,日常账本,支出,日用,,-9.9,微信钱包,,洗脸巾
2025/09/01 17:07:57,日常账本,收入,A钱,,12.5,微信钱包,,微信转账
2025/09/01 13:21:19,日常账本,支出,饮品,,-3.0,微信钱包,,百岁山
2025/09/01 13:19:56,日常账本,支出,餐饮,,-14.0,微信钱包,,炒菜
2025/08/31 21:09:08,日常账本,收入,A钱,,33.0,微信钱包,,微信转账
2025/08/31 21:09:04,日常账本,收入,A钱,,33.0,微信钱包,,微信转账
2025/08/31 20:24:30,日常账本,支出,饮品,,-10.0,微信钱包,,大片果粒橙
2025/08/31 20:22:55,日常账本,支出,餐饮,,-89.0,微信钱包,,学校吃饭 三个人
2025/08/31 15:18:56,日常账本,支出,饮品,,-5.0,微信钱包,,冰茶
2025/08/31 15:13:03,日常账本,收入,其他,好评返现,1.0,微信钱包,,打开拼多多，领更多现金红包
2025/08/31 14:03:01,日常账本,支出,娱乐,网吧,-35.0,微信钱包,,电竞酒店a钱
2025/08/31 13:25:19,日常账本,支出,餐饮,,-107.0,微信钱包,,【POS】_西安凤八博乐里汉堡_286696_无_无_无
2025/08/31 13:24:54,日常账本,收入,A钱,,12.5,微信钱包,,微信转账
2025/08/31 13:24:48,日常账本,收入,A钱,,12.5,微信钱包,,微信转账
2025/08/31 13:24:05,日常账本,支出,住房,电费,-50.0,微信钱包,,空调电费
2025/08/31 12:53:21,日常账本,支出,交通,,-50.0,微信钱包,,长安通互联互通充值
2025/08/30 21:23:19,日常账本,支出,餐饮,,-16.5,微信钱包,,塔斯汀
2025/08/30 16:57:25,日常账本,支出,餐饮,,-18.5,支付宝,,塔斯汀·中国汉堡(凤城一路店)外卖订单
2025/08/30 14:06:35,日常账本,支出,饮品,,-14.0,微信钱包,,东方树叶和怡宝
2025/08/30 12:13:45,日常账本,支出,饮品,,-2.0,微信钱包,,农夫山泉
2025/08/30 12:11:00,日常账本,支出,餐饮,,-17.0,微信钱包,,炒菜 孜然牛肉
2025/08/29 21:06:43,日常账本,收入,其他,好评返现,1.0,微信钱包,,打开拼多多，领更多现金红包
2025/08/29 21:04:59,日常账本,收入,其他,好评返现,1.5,微信钱包,,拼多多
2025/08/29 19:41:25,日常账本,收入,生活费,,1800.0,微信钱包,,
2025/08/29 18:56:50,日常账本,支出,日用,卫生纸,-34.5,支付宝,,抽纸，卷纸，小包纸
2025/08/29 16:47:28,日常账本,支出,餐饮,,-36.0,微信钱包,,魏斯理汉堡
2025/08/29 11:42:54,日常账本,收入,红包,,0.08,微信钱包,,嘟嘟嘟JIMILIMITADA的红包
2025/08/28 20:23:55,日常账本,支出,饮品,,-2.9,微信钱包,,瑞幸冰茶
2025/08/28 20:13:57,日常账本,支出,饮品,,-3.9,微信钱包,,瑞幸奶茶
2025/08/28 18:38:07,日常账本,支出,日用,,-16.0,微信钱包,,牙膏
2025/08/28 12:45:16,日常账本,收入,其他,扫码领,1.0,微信钱包,,可乐扫码领
2025/08/27 19:43:05,日常账本,支出,饮品,,-2.9,微信钱包,,瑞幸冰茶
2025/08/27 19:17:08,日常账本,支出,餐饮,,-20.0,微信钱包,,魏家凉皮
2025/08/27 12:06:44,日常账本,支出,日用,,-38.4,微信钱包,,雨伞
2025/08/27 12:04:14,日常账本,支出,服饰,袜子,-29.9,微信钱包,,有棵树袜子5双
2025/08/27 12:00:39,日常账本,支出,服饰,内裤,-66.9,微信钱包,,有棵树4条内裤
2025/08/27 11:23:24,日常账本,支出,餐饮,,-25.3,微信钱包,,米村拌饭
2025/08/26 12:05:32,日常账本,支出,餐饮,,-25.3,支付宝,,米村拌饭(西咸吾悦广场店)外卖订单
2025/08/25 10:44:22,日常账本,收入,红包,,2.36,微信钱包,,嘟嘟嘟JIMILIMITADA的红包
2025/08/25 08:52:00,日常账本,支出,游戏,,-100.0,微信钱包,,火影点券
2025/08/24 19:03:54,日常账本,支出,餐饮,,-36.0,微信钱包,,魏斯理汉堡
2025/08/24 17:54:26,日常账本,支出,游戏,,-25.0,微信钱包,,火影超影服务
2025/08/24 11:30:33,日常账本,支出,饮品,,-2.9,微信钱包,,瑞幸冰茶
2025/08/24 11:01:44,日常账本,支出,餐饮,,-27.0,微信钱包,,魏家凉皮
2025/08/23 18:17:04,日常账本,支出,日用,,-19.9,微信钱包,,洗车券代码
2025/08/23 11:27:31,日常账本,支出,餐饮,,-19.0,微信钱包,,魏家凉皮
2025/08/22 19:35:33,日常账本,支出,零食,,-1.5,微信钱包,,糯米糍雪糕
2025/08/22 18:58:15,日常账本,支出,餐饮,,-26.0,微信钱包,,魏家凉皮
2025/08/22 13:15:52,日常账本,支出,饮品,,-4.0,微信钱包,,可乐
2025/08/22 12:37:45,日常账本,支出,餐饮,,-18.0,微信钱包,,午餐酒店套餐
2025/08/21 19:11:24,日常账本,支出,餐饮,,-21.0,微信钱包,,魏家凉皮照烧鸡饭
2025/08/21 13:48:30,日常账本,支出,交通,公交地铁,-50.0,微信钱包,,公交卡充值
2025/08/21 10:21:37,日常账本,收入,红包,,2.45,微信钱包,,嘟嘟嘟JIMILIMITADA的红包
2025/08/20 10:27:18,日常账本,收入,其他,扫码领,1.0,微信钱包,,开箱有礼码上有钱-陕西-1元微信红包-1.00
2025/08/20 10:24:22,日常账本,收入,其他,扫码领,1.0,微信钱包,,开箱有礼码上有钱-陕西-1元微信红包-1.00
2025/08/20 10:23:50,日常账本,收入,其他,扫码领,1.0,微信钱包,,开箱有礼码上有钱-陕西-1元微信红包-1.00
2025/08/20 10:23:50,日常账本,收入,其他,扫码领,1.0,微信钱包,,开箱有礼码上有钱-陕西-1元微信红包-1.00
2025/08/19 18:29:42,日常账本,支出,餐饮,,-14.8,微信钱包,,潮汕李家鸡排饭
2025/08/19 17:19:02,日常账本,支出,数码,手机,-99.0,微信钱包,,手机贴膜
2025/08/19 15:57:58,日常账本,支出,发型,,-200.0,微信钱包,,理发充卡
2025/08/19 14:32:50,日常账本,支出,发型,,-23.5,中信银行,,理发
2025/08/19 12:33:05,日常账本,收入,红包,,0.13,微信钱包,,嘟嘟嘟JIMILIMITADA的红包
2025/08/19 11:02:09,日常账本,收入,任推邦,,25.35,中信银行,,
2025/08/18 20:51:02,日常账本,收入,A钱,,55.0,微信钱包,,微信转账
2025/08/18 20:12:00,日常账本,支出,餐饮,,-110.0,微信钱包,,魏斯理汉堡
2025/08/18 14:05:51,日常账本,支出,娱乐,网吧,-52.8,微信钱包,,网吧
2025/08/18 13:36:47,日常账本,收入,红包,,2.49,微信钱包,,嘟嘟嘟JIMILIMITADA的红包
2025/08/18 12:18:30,日常账本,支出,游戏,,-6.0,微信钱包,,Q币
2025/08/18 09:48:00,日常账本,收入,火影租号,,47.39,支付宝,,U号租余额提现
2025/08/17 22:02:57,日常账本,支出,咸鱼快递,,-8.0,支付宝,,闲鱼转账
2025/08/17 21:06:37,日常账本,收入,咸鱼回收,,39.0,支付宝,,绿联充电宝
2025/08/17 19:29:01,日常账本,支出,餐饮,,-12.9,微信钱包,,潮汕李记鱼卷饭
2025/08/17 15:24:11,日常账本,支出,餐饮,,-36.0,微信钱包,,烤肥牛堡
2025/08/17 15:03:36,日常账本,收入,其他,,69.9,招商银行,,
2025/08/17 14:48:40,日常账本,收入,零钱通,,1.27,微信钱包,,
2025/08/16 21:22:33,日常账本,支出,零食,,-0.75,微信钱包,,冰糕
2025/08/16 20:53:45,日常账本,支出,餐饮,,-21.0,微信钱包,,魏家凉皮
2025/08/15 21:41:11,日常账本,支出,餐饮,,-18.5,招商银行,,塔斯汀
2025/08/15 19:27:52,日常账本,支出,餐饮,,-36.0,微信钱包,,魏斯理汉堡
2025/08/15 15:51:43,日常账本,收入,咸鱼收入,,2.85,支付宝,,#Vue+Go企业级微服务网关项目学习资料大揭秘
2025/08/15 14:26:36,日常账本,支出,其它,,-4.11,招商银行,,冻资转账回去
2025/08/15 13:32:21,日常账本,支出,餐饮,,-14.8,支付宝,,潮汕李仔记(咸宁路店)外卖订单
2025/08/15 04:18:28,日常账本,收入,咸鱼收入,,2.7,支付宝,,web3
2025/08/15 00:16:28,日常账本,收入,咸鱼收入,,1.99,支付宝,,尚硅谷Java最新11月北京总部线下班，包括最新ai项目。
2025/08/15 00:05:09,日常账本,收入,咸鱼收入,,2.0,支付宝,,尚硅谷java2024北京班线下完结课程(完结无密)
2025/08/14 22:07:36,日常账本,收入,咸鱼收入,,2.7,支付宝,,web3
2025/08/14 17:20:43,日常账本,收入,咸鱼收入,,1.3,支付宝,,【超值】黑马程序员大数据直播课-狂野大数据学习资料，全套
2025/08/14 12:15:26,日常账本,支出,饮品,,-16.9,微信钱包,,中国供销社兴立客超市草场坡店
2025/08/14 11:51:00,日常账本,支出,餐饮,,-18.0,微信钱包,,快餐
2025/08/13 21:02:34,日常账本,收入,咸鱼收入,,2.85,支付宝,,#Vue+Go企业级微服务网关项目学习资料大揭秘
2025/08/13 19:34:44,日常账本,支出,餐饮,,-19.8,微信钱包,,卷饼+可乐
2025/08/13 12:25:13,日常账本,支出,饮品,,-3.0,微信钱包,,西安统筹科技希尔顿逸林酒店分公司
2025/08/13 12:23:14,日常账本,支出,餐饮,,-22.0,微信钱包,,西安统筹科技希尔顿逸林酒店分公司
2025/08/13 10:20:53,日常账本,收入,其他,,0.81,微信钱包,,嘟嘟嘟JIMILIMITADA的红包
2025/08/12 22:51:02,日常账本,收入,咸鱼收入,,2.7,支付宝,,解锁B站宝藏充电视频合集，超值内容独家享！
2025/08/12 21:27:44,日常账本,收入,咸鱼收入,,1.3,支付宝,,【超值】黑马程序员大数据直播课-狂野大数据学习资料，全套
2025/08/12 19:20:44,日常账本,收入,咸鱼收入,,2.66,支付宝,,Java程序员阿斌手把手教学-IM项目实战课【聊天室
2025/08/12 12:31:52,日常账本,支出,餐饮,,-4.5,微信钱包,,冰淇淋
2025/08/12 12:13:43,日常账本,支出,餐饮,,-28.0,微信钱包,,魏家牛肉饭
2025/08/11 19:51:37,日常账本,支出,游戏,,-24.0,微信钱包,,微信转账到QQ
2025/08/11 16:54:41,日常账本,收入,其他,,2.8,微信钱包,,嘟嘟嘟JIMILIMITADA的红包
2025/08/11 16:53:58,日常账本,收入,其他,,1.06,微信钱包,,嘟嘟嘟JIMILIMITADA的红包
2025/08/11 15:48:33,日常账本,收入,其他,,0.92,微信钱包,,嘟嘟嘟JIMILIMITADA的红包
2025/08/11 13:16:44,日常账本,收入,咸鱼收入,,2.7,支付宝,,web3
2025/08/11 11:56:41,日常账本,支出,餐饮,,-25.3,招商银行,,米村拌饭
2025/08/10 20:22:44,日常账本,支出,餐饮,,-18.44,支付宝,,华莱士
2025/08/10 20:22:27,日常账本,支出,餐饮,,-15.96,招商银行,,华莱士
2025/08/10 20:10:43,日常账本,收入,咸鱼收入,,2.85,支付宝,,#Vue+Go企业级微服务网关项目学习资料大揭秘
2025/08/10 12:09:01,日常账本,支出,游戏,,-17.28,微信钱包,,微信转账到QQ
2025/08/09 22:10:37,日常账本,支出,饮品,,-6.8,微信钱包,,可乐
2025/08/09 16:58:30,日常账本,收入,咸鱼收入,,2.66,支付宝,,Java程序员阿斌手把手教学-IM项目实战课【聊天室
2025/08/09 16:33:42,日常账本,支出,饮品,,-5.0,支付宝,,茶话弄奶茶外卖
2025/08/09 14:14:26,日常账本,支出,娱乐,,-49.9,微信钱包,,电影
2025/08/09 00:29:09,日常账本,收入,咸鱼收入,,2.7,支付宝,,web3
2025/08/08 11:43:43,日常账本,支出,餐饮,,-23.0,支付宝,,塔斯汀·中国汉堡(西安市未央吾悦广场店)外卖订单
2025/08/08 06:40:07,日常账本,收入,咸鱼收入,,2.7,支付宝,,web3
2025/08/07 19:18:45,日常账本,支出,饮品,,-8.0,支付宝,,可乐
2025/08/07 17:31:33,日常账本,收入,其他,,0.15,微信钱包,,xxxx的红包
2025/08/07 12:03:53,日常账本,支出,餐饮,,-15.36,支付宝,,阿三生煎(西咸吾悦广场店)外卖订单
2025/08/06 20:26:07,日常账本,收入,咸鱼收入,,3.0,支付宝,,Java程序员阿斌手把手教学-IM项目实战课【聊天室
2025/08/06 16:07:14,日常账本,收入,咸鱼收入,,2.7,支付宝,,web3
2025/08/06 15:48:11,日常账本,收入,其他,,0.01,微信钱包,,xxxx
2025/08/06 11:51:03,日常账本,支出,其它,,-3.0,支付宝,,阿里云
2025/08/05 18:59:44,日常账本,收入,咸鱼收入,,2.85,支付宝,,#Vue+Go企业级微服务网关项目学习资料大揭秘
2025/08/05 11:42:20,日常账本,支出,游戏,,-5.34,微信钱包,,Q币
2025/08/05 08:47:52,日常账本,收入,咸鱼收入,,2.66,支付宝,,Java程序员阿斌手把手教学-IM项目实战课【聊天室
2025/08/04 20:58:49,日常账本,支出,餐饮,,-36.0,微信钱包,,魏斯理汉堡
2025/08/04 20:53:00,日常账本,支出,交通,共享单车,-1.5,微信钱包,,先乘车后付款
2025/08/04 11:04:03,日常账本,支出,购物,,-4.08,支付宝,,买菜
2025/08/03 19:55:36,日常账本,支出,其它,,-119.0,中信银行,,
2025/08/03 19:06:16,日常账本,支出,其它,,-63.0,中信银行,,
2025/08/03 16:19:51,日常账本,收入,转账薅钱,,5.0,支付宝,,支付宝商家服务-收款记录
2025/08/03 11:05:34,日常账本,收入,咸鱼收入,,0.95,支付宝,,超值！Go语言实战流媒体视频网站资料，带源码课件助你高效掌
2025/08/03 00:13:07,日常账本,支出,交通,,-50.0,微信钱包,,微付充科技
2025/08/02 21:55:00,日常账本,支出,交通,共享单车,-1.8,支付宝,,哈啰
2025/08/02 21:54:17,日常账本,支出,其它,,-134.0,微信钱包,,美团
2025/08/02 12:35:31,日常账本,收入,转账薅钱,,5.0,支付宝,,支付宝商家服务-收款记录
2025/08/02 10:19:31,日常账本,收入,转账薅钱,,5.0,支付宝,,支付宝商家服务-收款记录
2025/08/01 20:57:02,日常账本,收入,转账薅钱,,5.0,支付宝,,支付宝商家服务-收款记录
2025/08/01 20:51:32,日常账本,支出,餐饮,,-28.0,支付宝,,魏斯理汉堡（天悦东都）
2025/08/01 20:22:30,日常账本,支出,交通,共享单车,-1.5,中信银行,,
2025/08/01 20:01:53,日常账本,收入,咸鱼收入,,2.0,支付宝,,Go开发工程师全套资料，项目源码+视频教程，入门到高级全覆盖
2025/08/01 13:36:20,日常账本,收入,咸鱼收入,,2.7,支付宝,,web3
2025/08/01 11:53:23,日常账本,收入,转账薅钱,,5.0,支付宝,,支付宝商家服务-收款记录
2025/08/01 11:06:13,日常账本,支出,其它,,-4.51,支付宝,,广东肠粉
2025/08/01 10:57:20,日常账本,收入,转账薅钱,,5.0,支付宝,,支付宝商家服务-收款记录
2025/07/31 21:28:07,日常账本,支出,其它,,-189.0,中信银行,,
2025/07/31 15:07:59,日常账本,收入,其他,,0.01,微信钱包,,Aa马有钱的红包
2025/07/31 00:47:55,日常账本,收入,咸鱼收入,,1.75,支付宝,,尚硅谷java2024北京班线下完结课程(完结无密)
2025/07/30 19:24:01,日常账本,收入,咸鱼收入,,2.66,支付宝,,Java程序员阿斌手把手教学-IM项目实战课【聊天室
2025/07/30 19:20:51,日常账本,支出,餐饮,,-40.0,微信钱包,,魏斯理汉堡
2025/07/30 09:16:23,日常账本,收入,咸鱼收入,,2.66,支付宝,,Java程序员阿斌手把手教学-IM项目实战课【聊天室
2025/07/30 00:27:25,日常账本,收入,咸鱼收入,,2.66,支付宝,,Java程序员阿斌手把手教学-IM项目实战课【聊天室
2025/07/29 18:26:05,日常账本,收入,咸鱼收入,,2.7,支付宝,,web3
2025/07/29 12:59:43,日常账本,收入,咸鱼收入,,2.7,支付宝,,web3
2025/07/28 20:39:39,日常账本,收入,其他,,0.14,招商银行,,利息
2025/07/28 20:35:35,日常账本,支出,交通,共享单车,-1.5,中信银行,,
2025/07/28 20:30:46,日常账本,支出,餐饮,,-36.0,微信钱包,,魏斯理汉堡
2025/07/28 14:21:59,日常账本,支出,其它,,-49.9,招商银行,,
2025/07/27 21:44:44,日常账本,支出,游戏,,-2.91,招商银行,,Q币
2025/07/27 21:27:25,日常账本,支出,游戏,,-8.73,招商银行,,Q币
2025/07/27 20:48:05,日常账本,收入,咸鱼收入,,1.75,支付宝,,尚硅谷java2024北京班线下完结课程(完结无密)
2025/07/27 00:11:02,日常账本,收入,其他,,5.0,支付宝,,测试
2025/07/26 10:26:34,日常账本,支出,购物,,-42.57,微信钱包,,瑜伽垫
2025/07/25 18:48:57,日常账本,支出,其它,,-39.7,招商银行,,
2025/07/25 16:47:58,日常账本,收入,咸鱼收入,,2.66,支付宝,,Java程序员阿斌手把手教学-IM项目实战课【聊天室
2025/07/25 14:58:34,日常账本,支出,游戏,,-95.06,招商银行,,Q币
2025/07/25 14:56:55,日常账本,支出,其它,,-1.0,支付宝,,阿里云
2025/07/25 00:16:45,日常账本,收入,咸鱼收入,,2.66,支付宝,,Java程序员阿斌手把手教学-IM项目实战课【聊天室
2025/07/24 21:03:55,日常账本,支出,交通,共享单车,-1.5,支付宝,,哈啰
2025/07/24 20:04:54,日常账本,支出,餐饮,,-36.0,微信钱包,,魏斯理汉堡
2025/07/24 19:52:45,日常账本,支出,交通,共享单车,-2.5,微信钱包,,先乘车后付款
2025/07/24 07:15:54,日常账本,收入,咸鱼收入,,3.0,支付宝,,【GO语言实战项目】
2025/07/23 23:32:34,日常账本,收入,咸鱼收入,,2.85,支付宝,,#Vue+Go企业级微服务网关项目学习资料大揭秘
2025/07/23 22:46:48,日常账本,收入,咸鱼收入,,1.75,支付宝,,尚硅谷java2024北京班线下完结课程(完结无密)
2025/07/23 13:07:50,日常账本,收入,咸鱼收入,,1.75,支付宝,,Go开发工程师全套资料，项目源码+视频教程，入门到高级全覆盖
2025/07/23 13:05:46,日常账本,收入,咸鱼收入,,2.79,支付宝,,【GO语言实战项目】
2025/07/23 10:50:04,日常账本,收入,其他,,5.0,支付宝,,测试
2025/07/23 10:43:54,日常账本,收入,咸鱼收入,,2.66,支付宝,,Java程序员阿斌手把手教学-IM项目实战课【聊天室
2025/07/22 16:39:56,日常账本,收入,咸鱼收入,,2.66,支付宝,,Java程序员阿斌手把手教学-IM项目实战课【聊天室
2025/07/22 04:38:53,日常账本,收入,咸鱼收入,,2.7,支付宝,,web3
2025/07/22 01:06:37,日常账本,收入,咸鱼收入,,2.66,支付宝,,Java程序员阿斌手把手教学-IM项目实战课【聊天室
2025/07/21 21:25:42,日常账本,收入,咸鱼收入,,2.66,支付宝,,Java程序员阿斌手把手教学-IM项目实战课【聊天室
2025/07/21 20:30:08,日常账本,支出,餐饮,,-28.0,微信钱包,,魏斯理汉堡
2025/07/21 19:21:55,日常账本,支出,餐饮,,-2.8,微信钱包,,热狗
2025/07/21 18:21:59,日常账本,收入,投入转出,,1260.04,微信钱包,,
2025/07/21 17:45:04,日常账本,收入,其他,,0.14,中信银行,,利息
2025/07/21 17:41:35,日常账本,收入,其他,,1.93,招商银行,,利息
2025/07/21 17:37:47,日常账本,收入,零钱通,,0.61,微信钱包,,
2025/07/21 12:16:52,日常账本,收入,其他,,4.5,支付宝,,单车退款
2025/07/21 01:34:14,日常账本,收入,其他,,6.8,微信钱包,,广州骑安-退款
2025/07/21 01:32:00,日常账本,收入,其他,,3.7,微信钱包,,广州骑安-退款
2025/07/21 01:26:30,日常账本,支出,交通,共享单车,-16.5,微信钱包,,共享单车（后面有退款）
2025/07/20 23:06:29,日常账本,支出,其它,,-15.0,微信钱包,,
2025/07/20 21:12:33,日常账本,支出,其它,,-137.99,招商银行,,其他
2025/07/20 20:26:35,日常账本,支出,其它,,-67.99,招商银行,,其他
2025/07/20 14:01:29,日常账本,收入,其他,,15.0,微信钱包,,F-妈的红包
2025/07/20 13:59:50,日常账本,支出,其它,,-10.0,支付宝,,广东肠粉
2025/07/20 13:58:39,日常账本,支出,其它,,-5.0,支付宝,,广东肠粉
2025/07/19 10:30:38,日常账本,收入,其他,,10.0,支付宝,,测试收款
2025/07/18 17:43:29,日常账本,支出,餐饮,,-13.5,招商银行,,
2025/07/18 14:35:40,日常账本,支出,交通,,-50.0,微信钱包,,微付充科技
2025/07/18 11:11:39,日常账本,支出,餐饮,,-22.8,招商银行,,
2025/07/17 18:42:13,日常账本,支出,餐饮,,-15.6,招商银行,,
2025/07/17 11:12:02,日常账本,支出,餐饮,,-14.8,中信银行,,
2025/07/17 11:10:54,日常账本,支出,饮品,,-9.1,支付宝,,奶茶
2025/07/17 11:04:14,日常账本,支出,餐饮,,-22.4,支付宝,,米村拌饭(西咸吾悦广场店)外卖订单
2025/07/16 18:00:21,日常账本,收入,红包,,0.22,微信钱包,,嘟嘟嘟JIMILIMITADA的红包
2025/07/16 17:41:22,日常账本,收入,红包,,1.42,微信钱包,,嘟嘟嘟JIMILIMITADA的红包
2025/07/16 16:55:45,日常账本,支出,餐饮,,-59.0,微信钱包,,魏斯理汉堡
2025/07/16 16:45:35,日常账本,支出,餐饮,,-12.0,微信钱包,,鲍师傅糕点
2025/07/16 15:54:16,日常账本,支出,饮品,,-3.5,微信钱包,,汇驿便利店
2025/07/16 15:45:45,日常账本,支出,其它,,-20.0,微信钱包,,一次性衣服
2025/07/16 12:48:55,日常账本,支出,日用,,-2.0,微信钱包,,小包纸
2025/07/16 12:01:31,日常账本,支出,服饰,,-29.9,招商银行,,理发
2025/07/16 11:38:07,日常账本,支出,餐饮,,-36.0,微信钱包,,魏斯理汉堡
2025/07/16 10:58:40,日常账本,支出,其它,,-29.0,招商银行,,其他
2025/07/16 10:57:03,日常账本,支出,其它,,-39.0,支付宝,,抖音生活服务商家
2025/07/15 18:14:42,日常账本,支出,餐饮,,-5.5,微信钱包,,7-Eleven陕西
2025/07/14 12:30:03,日常账本,支出,餐饮,,-20.5,支付宝,,米村拌饭(西咸吾悦广场店)外卖订单
2025/07/13 16:24:14,日常账本,收入,咸鱼收入,,3.0,支付宝,,Java程序员阿斌手把手教学-IM项目实战课【聊天室
2025/07/13 11:27:26,日常账本,支出,餐饮,,-22.0,微信钱包,,鲍师傅糕点西安西咸吾悦广场店
2025/07/12 20:34:37,日常账本,支出,购物,,-25.2,招商银行,,永辉超市BRAVOYH
2025/07/12 18:05:33,日常账本,支出,餐饮,,-10.8,支付宝,,1点点(西咸吾悦广场店)外卖订单
2025/07/12 14:35:46,日常账本,收入,红包,,0.89,微信钱包,,微信红包-来自嘟嘟嘟JIMILIMITADA
2025/07/12 13:25:20,日常账本,支出,餐饮,,-72.0,招商银行,,【POS】_西安文艺路地铁站_311039_311039_无_无
2025/07/11 22:21:21,日常账本,收入,咸鱼收入,,2.7,支付宝,,web3
2025/07/11 21:19:37,日常账本,支出,饮品,,-9.6,微信钱包,,饮料
2025/07/11 19:31:53,日常账本,支出,餐饮,,-40.0,微信钱包,,美团大众点评点餐订单-07114719795490181093932
2025/07/11 18:57:12,日常账本,支出,餐饮,,-118.0,支付宝,,大叔的虾·虾火锅-美团App-25071111100400001307078002159778
2025/07/11 13:38:46,日常账本,收入,咸鱼收入,,2.66,支付宝,,Java程序员阿斌手把手教学-IM项目实战课【聊天室
2025/07/11 12:03:33,日常账本,支出,餐饮,,-28.0,微信钱包,,魏斯理汉堡
2025/07/11 11:38:59,日常账本,支出,游戏,,-17.46,招商银行,,Q币(为2**933购买)
2025/07/11 10:20:05,日常账本,收入,其他,,17.35,中信银行,,网盘推广
2025/07/10 10:37:55,日常账本,支出,餐饮,,-13.6,支付宝,,塔斯汀·中国汉堡(西安市未央吾悦广场店)外卖订单
2025/07/10 00:04:30,日常账本,支出,其它,,-29.0,微信钱包,,服务器
2025/07/09 16:57:04,日常账本,收入,投入转出,,1031.21,微信钱包,,
2025/07/09 12:35:30,日常账本,支出,餐饮,,-36.0,微信钱包,,魏斯理汉堡
2025/07/09 10:05:04,日常账本,支出,其它,,-5.0,支付宝,,闲鱼转账
2025/07/09 02:16:22,日常账本,收入,咸鱼收入,,2.66,支付宝,,Java程序员阿斌手把手教学-IM项目实战课【聊天室
2025/07/08 19:48:54,日常账本,支出,餐饮,,-3.0,支付宝,,包子
2025/07/08 14:29:27,日常账本,收入,其他,,5.0,支付宝,,闲鱼转账
2025/07/08 14:27:35,日常账本,收入,咸鱼收入,,2.7,支付宝,,web3
2025/07/08 11:23:20,日常账本,支出,游戏,,-3.88,招商银行,,Q币
2025/07/07 19:18:19,日常账本,收入,其他,,38.0,微信钱包,,水费报销
2025/07/07 16:43:20,日常账本,支出,住房,水费,-38.0,招商银行,,水卡
2025/07/07 12:55:20,日常账本,支出,餐饮,,-36.0,招商银行,,魏斯理
2025/07/06 12:34:44,日常账本,收入,红包,,0.25,微信钱包,,微信红包-来自嘟嘟嘟JIMILIMITADA
2025/07/06 11:07:20,日常账本,支出,餐饮,,-18.0,招商银行,,鲍师傅糕点
2025/07/06 09:23:51,日常账本,收入,咸鱼收入,,1.79,支付宝,,黑马程序员24年11月线下班资料，包括ai内容。
2025/07/05 19:20:30,日常账本,收入,咸鱼收入,,1.79,支付宝,,黑马程序员24年11月线下班资料，包括ai内容。
2025/07/04 18:26:41,日常账本,收入,咸鱼收入,,2.66,支付宝,,Java程序员阿斌手把手教学-IM项目实战课【聊天室
2025/07/04 15:22:52,日常账本,支出,其它,,-0.2,微信钱包,,广鸣科技  忘了花的啥钱了
2025/07/04 10:31:59,日常账本,收入,其他,,14.31,中信银行,,网盘推广
2025/07/03 17:04:57,日常账本,支出,其它,,-20.0,招商银行,,延安荣聚工贸有限公司
2025/07/03 16:48:56,日常账本,收入,咸鱼收入,,2.7,支付宝,,web3
2025/07/03 15:40:10,日常账本,支出,其它,,-94.0,支付宝,,美团
2025/07/03 10:05:13,日常账本,收入,咸鱼收入,,3.0,支付宝,,web3
2025/07/02 23:29:23,日常账本,收入,咸鱼收入,,2.66,支付宝,,Java程序员阿斌手把手教学-IM项目实战课【聊天室
2025/07/02 17:59:01,日常账本,收入,咸鱼收入,,3.0,支付宝,,#【Go语言微服务实战课程】&mdash;&mdash;开启微服务开发新征程！
2025/07/02 17:51:45,日常账本,支出,餐饮,,-2.22,支付宝,,包子
2025/07/02 14:04:14,日常账本,收入,其他,,0.09,微信钱包,,Aa马有钱的红包
2025/07/02 09:30:21,日常账本,收入,咸鱼收入,,2.7,支付宝,,web3
2025/07/01 21:28:13,日常账本,收入,咸鱼收入,,2.7,支付宝,,web3
2025/07/01 18:01:51,日常账本,支出,餐饮,,-2.44,支付宝,,包子
2025/07/01 16:35:08,日常账本,支出,其它,,-7.5,招商银行,,电池
2025/07/01 13:10:55,日常账本,支出,游戏,,-6.0,微信钱包,,深圳市腾讯天游科技有限公司
2025/07/01 11:52:33,日常账本,收入,咸鱼收入,,2.66,支付宝,,Java程序员阿斌手把手教学-IM项目实战课【聊天室
2025/07/01 11:38:16,日常账本,支出,餐饮,,-9.9,微信钱包,,午餐
2025/06/30 23:28:56,日常账本,支出,买药,,-57.96,中信银行,,异维a酸
2025/06/30 19:34:34,日常账本,支出,餐饮,,-14.5,支付宝,,晚餐
2025/06/30 11:41:41,日常账本,收入,咸鱼收入,,2.79,支付宝,,【GO语言实战项目】
2025/06/30 11:03:27,日常账本,支出,餐饮,,-13.7,微信钱包,,午饭
2025/06/29 23:34:39,日常账本,收入,咸鱼收入,,3.0,支付宝,,Java程序员阿斌手把手教学-IM项目实战课【聊天室
2025/06/29 23:14:42,日常账本,收入,咸鱼收入,,2.79,支付宝,,【GO语言实战项目】
2025/06/29 21:17:04,日常账本,收入,咸鱼收入,,1.75,支付宝,,Go开发工程师全套资料，项目源码+视频教程，入门到高级全覆盖
2025/06/29 20:59:02,日常账本,收入,咸鱼收入,,2.66,支付宝,,Java程序员阿斌手把手教学-IM项目实战课【聊天室
2025/06/29 15:37:59,日常账本,支出,其它,,-1.0,支付宝,,阿里云
2025/06/28 17:11:25,日常账本,收入,咸鱼收入,,1.75,支付宝,,尚硅谷java2024北京班线下完结课程(完结无密)
2025/06/28 12:02:50,日常账本,支出,其它,,-40.0,招商银行,,饮料
2025/06/27 17:12:59,日常账本,收入,咸鱼收入,,1.79,支付宝,,黑马DeepSeek+SpringAi大模型，黑马25年3月
2025/06/27 16:31:58,日常账本,收入,咸鱼收入,,2.85,支付宝,,#【Go语言微服务实战课程】&mdash;&mdash;开启微服务开发新征程！
2025/06/27 14:16:27,日常账本,收入,咸鱼收入,,2.66,支付宝,,Java程序员阿斌手把手教学-IM项目实战课【聊天室
2025/06/27 13:13:49,日常账本,收入,咸鱼收入,,2.7,支付宝,,web3
2025/06/27 10:33:40,日常账本,收入,其他,,20.11,中信银行,,网盘推广
2025/06/27 10:33:14,日常账本,支出,餐饮,,-15.38,微信钱包,,米村拌饭
2025/06/27 00:05:50,日常账本,收入,咸鱼收入,,1.99,支付宝,,黑马程序员24年11月线下班资料，包括ai内容。
2025/06/26 22:05:12,日常账本,收入,咸鱼收入,,1.79,支付宝,,黑马DeepSeek+SpringAi大模型，黑马25年3月
2025/06/26 17:48:48,日常账本,收入,咸鱼收入,,1.79,支付宝,,黑马DeepSeek+SpringAi大模型，黑马25年3月
2025/06/26 17:33:51,日常账本,收入,咸鱼收入,,2.66,支付宝,,Java程序员阿斌手把手教学-IM项目实战课【聊天室
2025/06/26 12:28:36,日常账本,支出,其它,,-45.8,微信钱包,,洗牙诺贝尔牙科连锁（高新院区）-美团App-25062611100400001304438342620778
2025/06/26 09:15:42,日常账本,收入,咸鱼收入,,2.79,支付宝,,【GO语言实战项目】
2025/06/26 00:01:25,日常账本,收入,投入转出,,404.3,中信银行,,
2025/06/25 23:45:20,日常账本,支出,其它,,-0.5,支付宝,,阿里云
2025/06/25 23:44:52,日常账本,支出,其它,,-2.0,支付宝,,阿里云
2025/06/25 22:52:37,日常账本,收入,咸鱼收入,,1.79,支付宝,,尚硅谷Java最新11月北京总部线下班，包括最新ai项目。
2025/06/25 12:09:11,日常账本,收入,咸鱼收入,,1.79,支付宝,,黑马DeepSeek+SpringAi大模型，黑马25年3月
2025/06/25 11:46:53,日常账本,收入,咸鱼收入,,2.66,支付宝,,Java程序员阿斌手把手教学-IM项目实战课【聊天室
2025/06/24 19:18:57,日常账本,收入,其他,,50.0,支付宝,,退款
2025/06/24 18:27:10,日常账本,收入,咸鱼收入,,2.66,支付宝,,Java程序员阿斌手把手教学-IM项目实战课【聊天室
2025/06/24 18:20:16,日常账本,支出,其它,,-50.0,支付宝,,押金
2025/06/24 18:09:36,日常账本,支出,餐饮,,-69.9,支付宝,,烤肉自助
2025/06/24 14:11:47,日常账本,收入,咸鱼收入,,3.0,支付宝,,Java进阶必备：从0到架构师全套资料合辑，10分钟课程，适
2025/06/24 13:21:05,日常账本,支出,通讯,,-100.0,招商银行,,手机充值
2025/06/23 21:54:48,日常账本,支出,其它,,-20.0,微信钱包,,延安荣聚工贸有限公司
2025/06/23 18:06:27,日常账本,支出,餐饮,,-13.9,支付宝,,潮汕李仔记(咸宁路店)外卖订单
2025/06/23 16:45:02,日常账本,收入,咸鱼收入,,2.66,支付宝,,Java程序员阿斌手把手教学-IM项目实战课【聊天室
2025/06/23 16:34:10,日常账本,收入,咸鱼收入,,2.7,支付宝,,web3
2025/06/23 16:31:16,日常账本,收入,咸鱼收入,,2.66,支付宝,,Java程序员阿斌手把手教学-IM项目实战课【聊天室
2025/06/23 12:47:33,日常账本,支出,游戏,,-99.0,微信钱包,,Q币
2025/06/23 10:28:08,日常账本,收入,其他,,60.0,微信钱包,,F-妈的红包
2025/06/23 10:04:10,日常账本,支出,其它,,-60.0,微信钱包,,送水
2025/06/23 09:52:16,日常账本,收入,咸鱼收入,,1.79,支付宝,,尚硅谷Java最新11月北京总部线下班，包括最新ai项目。
2025/06/22 10:31:17,日常账本,支出,购物,,-3.5,微信钱包,,辣椒和蒜
2025/06/22 10:00:54,日常账本,支出,其它,,-1.0,支付宝,,阿里云
2025/06/21 12:37:39,日常账本,支出,餐饮,,-62.0,微信钱包,,炒菜
2025/06/21 12:07:31,日常账本,支出,饮品,,-8.0,微信钱包,,饮料
2025/06/20 19:25:22,日常账本,支出,餐饮,,-12.0,微信钱包,,正新鸡排
2025/06/20 19:23:54,日常账本,支出,餐饮,,-4.0,微信钱包,,包子
2025/06/20 18:15:31,日常账本,支出,交通,,-100.0,支付宝,,交联云充值
2025/06/20 14:06:54,日常账本,收入,咸鱼收入,,2.7,支付宝,,web3
2025/06/20 10:28:27,日常账本,支出,购物,,-61.88,微信钱包,,洗面奶
2025/06/20 09:39:13,日常账本,收入,咸鱼收入,,1.79,支付宝,,尚硅谷Java最新11月北京总部线下班，包括最新ai项目。
2025/06/19 23:13:12,日常账本,收入,咸鱼收入,,1.79,支付宝,,尚硅谷Java最新11月北京总部线下班，包括最新ai项目。
2025/06/19 20:31:10,日常账本,收入,其他,,43.0,微信钱包,,
2025/06/19 20:30:38,日常账本,支出,餐饮,,-90.0,微信钱包,,
2025/06/19 19:14:40,日常账本,支出,其它,,-10.0,微信钱包,,西安培华学院
2025/06/19 17:42:35,日常账本,支出,饮品,,-5.0,微信钱包,,椰子水
2025/06/19 17:35:49,日常账本,支出,其它,,-2.3,微信钱包,,西安市长安区双鱼复印部
2025/06/19 15:19:40,日常账本,收入,咸鱼收入,,1.99,支付宝,,黑马程序员24年11月线下班资料，包括ai内容。
2025/06/19 12:48:56,日常账本,支出,餐饮,,-23.9,微信钱包,,塔斯汀
2025/06/19 12:45:11,日常账本,支出,其它,,-12.5,微信钱包,,西安市长安区双鱼复印部
2025/06/19 01:30:57,日常账本,收入,咸鱼收入,,1.79,支付宝,,黑马DeepSeek+SpringAi大模型，黑马25年3月
2025/06/18 20:11:08,日常账本,支出,餐饮,,-15.18,微信钱包,,冒菜
2025/06/18 17:33:51,日常账本,支出,零食,,-2.0,微信钱包,,玉米肠
2025/06/18 17:32:53,日常账本,支出,零食,,-11.0,微信钱包,,薯片，饮料，卤蛋
2025/06/18 16:28:42,日常账本,收入,咸鱼收入,,2.66,支付宝,,Java程序员阿斌手把手教学-IM项目实战课【聊天室
2025/06/18 13:34:04,日常账本,支出,餐饮,,-2.0,微信钱包,,红肠
2025/06/18 13:33:29,日常账本,支出,饮品,,-4.5,微信钱包,,百事可乐
2025/06/18 12:43:47,日常账本,支出,餐饮,,-41.0,微信钱包,,魏斯理汉堡
2025/06/18 08:05:22,日常账本,收入,咸鱼收入,,3.0,支付宝,,web3
2025/06/17 23:11:32,日常账本,支出,其它,,-5.3,支付宝,,Gemini虚拟卡自动发货绑定认证最后一步edu
2025/06/17 22:36:01,日常账本,收入,咸鱼收入,,1.79,支付宝,,尚硅谷Java最新11月北京总部线下班，包括最新ai项目。
2025/06/17 16:01:18,日常账本,支出,餐饮,,-29.0,微信钱包,,塔斯汀
2025/06/17 15:31:42,日常账本,收入,咸鱼收入,,2.85,支付宝,,#【Go语言微服务实战课程】&mdash;&mdash;开启微服务开发新征程！
2025/06/17 11:50:19,日常账本,支出,水果捞,,-15.7,微信钱包,,商户_张春燕
2025/06/17 11:37:20,日常账本,支出,餐饮,,-13.9,微信钱包,,大块牛肉饭
2025/06/17 08:35:34,日常账本,收入,咸鱼收入,,1.79,支付宝,,尚硅谷Java最新11月北京总部线下班，包括最新ai项目。
2025/06/16 20:22:19,日常账本,支出,饮品,,-11.5,微信钱包,,学子校园超市
2025/06/16 19:18:09,日常账本,支出,餐饮,,-12.0,微信钱包,,烤鸭拌饭
2025/06/16 14:21:52,日常账本,支出,饮品,,-8.0,微信钱包,,饮料
2025/06/16 11:46:59,日常账本,支出,餐饮,,-16.0,微信钱包,,烤牛肉拌饭
2025/06/16 11:44:31,日常账本,支出,饮品,,-5.0,微信钱包,,元气森林
2025/06/16 11:01:25,日常账本,支出,游戏,,-6.0,微信钱包,,深圳市腾讯天游科技有限公司
2025/06/16 09:45:52,日常账本,收入,咸鱼收入,,3.0,微信钱包,,二维码收款
2025/06/15 21:50:12,日常账本,支出,零食,,-2.0,微信钱包,,肠
2025/06/15 21:45:00,日常账本,支出,饮品,,-5.0,微信钱包,,饮料
2025/06/15 21:43:23,日常账本,支出,餐饮,,-12.0,微信钱包,,正新鸡排（培华学院校内店）
2025/06/15 21:41:18,日常账本,收入,咸鱼收入,,1.79,支付宝,,黑马DeepSeek+SpringAi大模型，黑马25年3月
2025/06/15 21:06:53,日常账本,收入,咸鱼收入,,1.79,支付宝,,尚硅谷Java最新11月北京总部线下班，包括最新ai项目。
2025/06/15 17:51:52,日常账本,支出,餐饮,,-10.9,微信钱包,,塔斯汀
2025/06/15 17:46:37,日常账本,收入,咸鱼收入,,1.79,支付宝,,mksz922-DeepSeek+SpringAI实战AI家
2025/06/15 13:41:22,日常账本,收入,其他,,10.0,微信钱包,,F-妈的红包
2025/06/15 13:29:34,日常账本,支出,其它,,-10.0,支付宝,,收钱码收款
2025/06/15 09:24:07,日常账本,收入,咸鱼收入,,1.79,支付宝,,黑马DeepSeek+SpringAi大模型，黑马25年3月
2025/06/14 17:15:44,日常账本,收入,其他,,0.3,微信钱包,,元气森林现金红包-0.3元
2025/06/14 12:36:05,日常账本,收入,咸鱼收入,,1.75,支付宝,,Go开发工程师全套资料，项目源码+视频教程，入门到高级全覆盖
2025/06/14 12:14:13,日常账本,支出,其它,,-4.97,中信银行,,蜜雪冰城
2025/06/14 11:16:41,日常账本,收入,其他,,44.01,中信银行,,网盘推广
2025/06/14 04:43:32,日常账本,收入,咸鱼收入,,2.7,支付宝,,web3
2025/06/14 00:56:04,日常账本,收入,咸鱼收入,,3.0,支付宝,,web3
2025/06/13 23:20:28,日常账本,支出,住房,电费,-12.5,微信钱包,,【18号公寓->4楼->410房间空调用电】电费充值
2025/06/13 22:18:02,日常账本,支出,饮品,,-1.0,微信钱包,,柠檬水
2025/06/13 22:14:39,日常账本,支出,其它,,-3.95,微信钱包,,防尘膜
2025/06/13 20:52:20,日常账本,支出,餐饮,,-22.9,微信钱包,,消费：西安市培华学院漫威餐厅店
2025/06/13 20:03:30,日常账本,支出,购物,,-380.9,微信钱包,,欧莱雅小白瓶
2025/06/13 13:36:16,日常账本,支出,餐饮,,-55.0,微信钱包,,百特喜·意大利餐厅-美团App-25061311100400001302270440450778
2025/06/13 08:00:42,日常账本,支出,饮品,,-5.8,支付宝,,友宝货柜
2025/06/12 18:24:12,日常账本,支出,水果捞,,-14.6,微信钱包,,微信主扫静态码消费
2025/06/12 17:59:29,日常账本,支出,饮品,,-7.0,微信钱包,,账单付款
2025/06/12 17:56:55,日常账本,支出,餐饮,,-12.0,微信钱包,,烤鸭拌饭
2025/06/12 17:16:12,日常账本,支出,游戏,,-6.0,微信钱包,,支付订单(为2**933购买)
2025/06/12 10:03:53,日常账本,支出,饮品,,-5.0,微信钱包,,饮料
2025/06/11 23:03:41,日常账本,收入,咸鱼收入,,1.75,支付宝,,Go开发工程师全套资料，项目源码+视频教程，入门到高级全覆盖
2025/06/11 22:15:05,日常账本,收入,咸鱼收入,,2.66,支付宝,,Java程序员阿斌手把手教学-IM项目实战课【聊天室
2025/06/11 20:41:03,日常账本,支出,餐饮,,-59.0,微信钱包,,魏斯理汉堡
2025/06/11 18:31:40,日常账本,收入,咸鱼收入,,1.79,支付宝,,尚硅谷Java最新11月北京总部线下班，包括最新ai项目。
2025/06/11 14:01:06,日常账本,支出,饮品,,-9.0,微信钱包,,5学子超市老店消费
2025/06/11 13:32:45,日常账本,收入,咸鱼收入,,1.79,支付宝,,mksz922-DeepSeek+SpringAI实战AI家
2025/06/11 12:06:52,日常账本,支出,餐饮,,-13.9,微信钱包,,大块牛肉饭
2025/06/11 11:05:00,日常账本,收入,咸鱼收入,,2.66,支付宝,,Java程序员阿斌手把手教学-IM项目实战课【聊天室
2025/06/11 10:15:16,日常账本,收入,咸鱼收入,,1.79,支付宝,,尚硅谷Java最新11月北京总部线下班，包括最新ai项目。
2025/06/11 09:06:35,日常账本,支出,餐饮,,-4.0,微信钱包,,早餐
2025/06/11 00:27:06,日常账本,收入,咸鱼收入,,1.79,支付宝,,mksz922-DeepSeek+SpringAI实战AI家
2025/06/10 21:35:24,日常账本,收入,咸鱼收入,,2.7,支付宝,,web3
2025/06/10 21:34:58,日常账本,收入,咸鱼收入,,1.79,支付宝,,尚硅谷Java最新11月北京总部线下班，包括最新ai项目。
2025/06/10 20:50:36,日常账本,支出,零食,,-2.0,微信钱包,,红肠
2025/06/10 20:50:10,日常账本,支出,饮品,,-8.0,微信钱包,,饮料
2025/06/10 18:55:02,日常账本,支出,其它,,-10.0,微信钱包,,驾照工本费西安市公安局交通警察支队:机动车驾驶证工本费（70%-30%市省）
2025/06/10 18:53:12,日常账本,收入,其他,,240.0,微信钱包,,包科三补考费
2025/06/10 18:51:17,日常账本,支出,其它,,-120.0,微信钱包,,科三补考西安市公安局交通警察支队:道路驾驶技能考试（70%-30%市省）
2025/06/10 18:30:52,日常账本,收入,其他,,3.5,微信钱包,,京东商城平台商户-退款
2025/06/10 17:46:00,日常账本,支出,游戏,,-6.0,微信钱包,,60点券*1(为2**933购买)
2025/06/10 17:37:28,日常账本,支出,餐饮,,-18.0,微信钱包,,晚餐
2025/06/10 15:33:59,日常账本,收入,咸鱼收入,,1.79,支付宝,,尚硅谷Java最新11月北京总部线下班，包括最新ai项目。
2025/06/10 14:56:32,日常账本,支出,其它,,-27.7,支付宝,,理发
2025/06/10 12:58:47,日常账本,收入,其他,,900.0,微信钱包,,微信转账
2025/06/10 12:43:01,日常账本,支出,其它,,-0.5,微信钱包,,快件畅存费
2025/06/10 11:31:10,日常账本,支出,饮品,,-5.0,微信钱包,,饮料
2025/06/10 08:54:44,日常账本,支出,其它,,-1.0,微信钱包,,小包纸
2025/06/09 20:46:23,日常账本,支出,餐饮,,-19.0,微信钱包,,外卖
2025/06/09 19:55:47,日常账本,支出,其它,,-118.0,支付宝,,抖音生活服务商家
2025/06/09 17:36:31,日常账本,收入,其他,,36.0,支付宝,,流量卡
2025/06/09 14:36:59,日常账本,收入,咸鱼收入,,3.0,支付宝,,web3
2025/06/09 13:13:58,日常账本,收入,红包,,0.17,微信钱包,,微信红包-来自决斗呆呆鸟
2025/06/09 11:38:10,日常账本,收入,咸鱼收入,,1.79,支付宝,,黑马DeepSeek+SpringAi大模型，黑马25年3月
2025/06/09 10:52:58,日常账本,收入,咸鱼收入,,1.79,支付宝,,尚硅谷Java最新11月北京总部线下班，包括最新ai项目。
2025/06/09 09:48:14,日常账本,收入,咸鱼收入,,1.79,支付宝,,尚硅谷Java最新11月北京总部线下班，包括最新ai项目。
2025/06/09 09:22:21,日常账本,支出,交通,打车,-9.4,微信钱包,,先乘后付
2025/06/09 08:28:10,日常账本,支出,饮品,,-5.0,微信钱包,,尖叫
2025/06/08 20:15:53,日常账本,支出,餐饮,,-21.0,微信钱包,,牛肉面
2025/06/08 19:38:35,日常账本,支出,其它,,-900.0,招商银行,,驾校
2025/06/08 19:14:06,日常账本,支出,其它,,-20.0,微信钱包,,刮刮乐
2025/06/08 17:29:11,日常账本,收入,咸鱼收入,,2.66,支付宝,,Java程序员阿斌手把手教学-IM项目实战课【聊天室
2025/06/08 13:47:06,日常账本,收入,咸鱼收入,,2.7,支付宝,,web3
2025/06/08 12:13:27,日常账本,支出,其它,,-0.2,微信钱包,,双鱼复印店-打印费
2025/06/08 12:07:21,日常账本,支出,其它,,-179.0,支付宝,,抖音生活服务商家
2025/06/08 10:26:47,日常账本,收入,咸鱼收入,,1.79,支付宝,,尚硅谷Java最新11月北京总部线下班，包括最新ai项目。
2025/06/08 06:49:14,日常账本,收入,咸鱼收入,,1.99,支付宝,,尚硅谷Java最新11月北京总部线下班，包括最新ai项目。
2025/06/08 00:36:06,日常账本,收入,咸鱼收入,,1.79,支付宝,,尚硅谷Java最新11月北京总部线下班，包括最新ai项目。
2025/06/07 20:28:00,日常账本,支出,餐饮,,-25.9,支付宝,,塔斯汀中国汉堡(咸宁东路店)
2025/06/07 12:16:16,日常账本,收入,咸鱼收入,,1.79,支付宝,,尚硅谷Java最新11月北京总部线下班，包括最新ai项目。
2025/06/07 09:11:04,日常账本,收入,其他,,1.66,微信钱包,,揭盖扫码赢金条
2025/06/07 08:00:53,日常账本,收入,咸鱼收入,,1.79,支付宝,,尚硅谷Java最新11月北京总部线下班，包括最新ai项目。
2025/06/07 00:56:48,日常账本,收入,咸鱼收入,,1.75,支付宝,,Go开发工程师全套资料，项目源码+视频教程，入门到高级全覆盖
2025/06/06 21:42:49,日常账本,收入,咸鱼收入,,1.79,支付宝,,黑马DeepSeek+SpringAi大模型，黑马25年3月
2025/06/06 14:51:22,日常账本,收入,咸鱼收入,,1.79,支付宝,,尚硅谷Java最新11月北京总部线下班，包括最新ai项目。
2025/06/06 12:29:11,日常账本,支出,饮品,,-3.0,微信钱包,,可乐
2025/06/06 12:08:07,日常账本,支出,餐饮,,-13.8,微信钱包,,烧鸭饭
2025/06/06 10:35:37,日常账本,收入,咸鱼收入,,1.79,支付宝,,尚硅谷Java最新11月北京总部线下班，包括最新ai项目。
2025/06/06 08:08:18,日常账本,收入,咸鱼收入,,1.79,支付宝,,尚硅谷Java最新11月北京总部线下班，包括最新ai项目。
2025/06/05 21:44:36,日常账本,支出,零食,,-9.5,微信钱包,,零食
2025/06/05 21:15:11,日常账本,收入,其他,,0.33,微信钱包,,微信红包-来自@Hope🍬
2025/06/05 20:55:50,日常账本,收入,其他,,150.0,支付宝,,卖拍立得提成
2025/06/05 18:19:17,日常账本,支出,水果捞,,-11.8,微信钱包,,水果捞
2025/06/05 18:16:31,日常账本,支出,住房,电费,-12.5,微信钱包,,
2025/06/05 18:10:23,日常账本,支出,零食,,-3.0,微信钱包,,烤肠
2025/06/05 17:58:15,日常账本,支出,餐饮,,-13.0,微信钱包,,白斩鸡饭
2025/06/05 16:49:55,日常账本,收入,咸鱼收入,,1.79,支付宝,,尚硅谷Java最新11月北京总部线下班，包括最新ai项目。
2025/06/05 16:07:01,日常账本,收入,咸鱼收入,,1.79,支付宝,,尚硅谷Java最新11月北京总部线下班，包括最新ai项目。
2025/06/05 15:23:31,日常账本,收入,咸鱼收入,,1.79,支付宝,,尚硅谷Java最新11月北京总部线下班，包括最新ai项目。
2025/06/05 13:46:39,日常账本,收入,咸鱼收入,,2.7,支付宝,,解锁B站宝藏充电视频合集，超值内容独家享！
2025/06/05 12:28:46,日常账本,支出,饮品,,-5.0,微信钱包,,元气森林
2025/06/05 12:12:06,日常账本,支出,餐饮,,-13.9,微信钱包,,牛肉饭
2025/06/05 11:52:17,日常账本,收入,咸鱼收入,,1.79,支付宝,,尚硅谷Java最新11月北京总部线下班，包括最新ai项目。
2025/06/04 23:06:40,日常账本,支出,其它,,-3.0,支付宝,,DriverEasy专业版，电脑驱动程序检测管理下载备份
2025/06/04 22:13:41,日常账本,收入,咸鱼收入,,1.79,支付宝,,尚硅谷Java最新11月北京总部线下班，包括最新ai项目。
2025/06/04 21:28:56,日常账本,支出,零食,,-10.0,微信钱包,,零食
2025/06/04 17:45:19,日常账本,支出,餐饮,,-36.0,微信钱包,,魏斯理汉堡
2025/06/04 17:00:00,日常账本,收入,咸鱼收入,,1.79,支付宝,,尚硅谷Java最新11月北京总部线下班，包括最新ai项目。
2025/06/04 14:08:30,日常账本,收入,咸鱼收入,,1.99,支付宝,,尚硅谷Java最新11月北京总部线下班，包括最新ai项目。
2025/06/04 12:32:26,日常账本,支出,饮品,,-6.0,微信钱包,,矿泉水
2025/06/04 12:09:45,日常账本,支出,餐饮,,-14.0,微信钱包,,地锅鸡
2025/06/04 10:16:50,日常账本,收入,咸鱼收入,,1.79,支付宝,,尚硅谷Java最新11月北京总部线下班，包括最新ai项目。
2025/06/04 07:54:41,日常账本,支出,其它,,-0.2,微信钱包,,留白打印-普通打印-DYS268U80351T1748994877726
2025/06/04 01:38:34,日常账本,收入,咸鱼收入,,1.79,支付宝,,尚硅谷Java最新11月北京总部线下班，包括最新ai项目。
2025/06/03 23:22:57,日常账本,收入,咸鱼收入,,1.75,支付宝,,尚硅谷java2024北京班线下完结课程(完结无密)
2025/06/03 22:38:52,日常账本,收入,咸鱼收入,,1.0,支付宝,,闲鱼转账
2025/06/03 22:15:03,日常账本,支出,其它,,-1.0,支付宝,,islide会员1r/天，5r/一周，立即用
2025/06/03 21:05:04,日常账本,支出,游戏,,-6.0,微信钱包,,60点券*1(为2**933购买)
2025/06/03 19:44:54,日常账本,收入,其他,,1.96,招商银行,,利息
2025/06/03 19:29:24,日常账本,收入,零钱通,,1.08,微信钱包,,
2025/06/03 18:50:36,日常账本,支出,饮品,,-5.0,微信钱包,,冰茶
2025/06/03 18:34:10,日常账本,支出,餐饮,,-12.0,微信钱包,,烤鸭拌饭
2025/06/03 12:55:52,日常账本,支出,餐饮,,-13.9,微信钱包,,番茄牛肉饭
2025/06/03 12:38:31,日常账本,收入,咸鱼收入,,1.99,支付宝,,尚硅谷Java最新11月北京总部线下班，包括最新ai项目。
2025/06/03 10:21:41,日常账本,收入,咸鱼收入,,1.79,支付宝,,尚硅谷Java最新11月北京总部线下班，包括最新ai项目。
2025/06/03 09:55:43,日常账本,收入,咸鱼收入,,1.79,支付宝,,尚硅谷Java最新11月北京总部线下班，包括最新ai项目。
2025/06/03 08:03:54,日常账本,支出,饮品,,-5.0,微信钱包,,元气森林
2025/06/03 07:33:55,日常账本,支出,服饰,,-78.21,微信钱包,,裤子
2025/06/03 02:00:23,日常账本,收入,咸鱼收入,,3.0,支付宝,,web3
2025/06/02 21:55:41,日常账本,支出,零食,,-15.0,微信钱包,,零食
2025/06/02 20:19:41,日常账本,收入,咸鱼收入,,2.66,支付宝,,Java程序员阿斌手把手教学-IM项目实战课【聊天室
2025/06/02 20:01:24,日常账本,收入,咸鱼收入,,2.66,支付宝,,Java程序员阿斌手把手教学-IM项目实战课【聊天室
2025/06/02 19:24:13,日常账本,支出,饮品,,-3.0,微信钱包,,矿泉水
2025/06/02 17:18:10,日常账本,支出,餐饮,,-22.9,微信钱包,,消费：西安市培华学院漫威餐厅店
2025/06/02 15:49:59,日常账本,支出,其它,,-9.5,支付宝,,快递费
2025/06/02 13:31:57,日常账本,收入,咸鱼收入,,1.79,支付宝,,尚硅谷Java最新11月北京总部线下班，包括最新ai项目。
2025/06/02 12:07:07,日常账本,收入,咸鱼收入,,2.85,支付宝,,#【Go语言微服务实战课程】&mdash;&mdash;开启微服务开发新征程！
2025/06/02 10:34:10,日常账本,收入,咸鱼收入,,1.79,支付宝,,尚硅谷Java最新11月北京总部线下班，包括最新ai项目。
2025/06/01 22:40:39,日常账本,收入,其他,,2.0,支付宝,,支付宝商家服务-收款记录
2025/06/01 17:24:49,日常账本,支出,餐饮,,-20.4,支付宝,,猪脚饭
2025/06/01 15:02:16,日常账本,收入,咸鱼收入,,1.79,支付宝,,尚硅谷Java最新11月北京总部线下班，包括最新ai项目。
2025/06/01 12:09:04,日常账本,收入,咸鱼收入,,1.79,支付宝,,尚硅谷Java最新11月北京总部线下班，包括最新ai项目。
2025/05/31 21:07:10,日常账本,收入,咸鱼收入,,1.79,支付宝,,黑马DeepSeek+SpringAi大模型，黑马25年3月
2025/05/31 09:10:42,日常账本,收入,咸鱼收入,,1.79,支付宝,,尚硅谷Java最新11月北京总部线下班，包括最新ai项目。
2025/05/30 23:38:26,日常账本,收入,咸鱼收入,,1.79,支付宝,,尚硅谷Java最新11月北京总部线下班，包括最新ai项目。
2025/05/30 22:29:03,日常账本,收入,咸鱼收入,,1.79,支付宝,,尚硅谷Java最新11月北京总部线下班，包括最新ai项目。
2025/05/30 22:25:46,日常账本,收入,咸鱼收入,,1.79,支付宝,,尚硅谷Java最新11月北京总部线下班，包括最新ai项目。
2025/05/30 22:12:13,日常账本,收入,咸鱼收入,,3.0,支付宝,,Java程序员阿斌手把手教学-IM项目实战课【聊天室
2025/05/30 21:57:37,日常账本,收入,咸鱼收入,,1.79,支付宝,,尚硅谷Java最新11月北京总部线下班，包括最新ai项目。
2025/05/30 19:48:58,日常账本,收入,其他,,16.8,中信银行,,网盘推广
2025/05/30 19:19:08,日常账本,收入,咸鱼收入,,1.79,支付宝,,mksz922-DeepSeek+SpringAI实战AI家
2025/05/30 17:07:15,日常账本,收入,咸鱼收入,,2.7,支付宝,,web3
2025/05/30 14:17:15,日常账本,收入,咸鱼收入,,1.79,支付宝,,尚硅谷Java最新11月北京总部线下班，包括最新ai项目。
2025/05/30 13:33:28,日常账本,支出,餐饮,,-14.0,微信钱包,,午饭
2025/05/30 13:26:31,日常账本,支出,日用,,-6.9,支付宝,,洗衣液
2025/05/30 12:32:00,日常账本,收入,咸鱼收入,,1.99,支付宝,,尚硅谷Java最新11月北京总部线下班，包括最新ai项目。
2025/05/30 08:44:07,日常账本,收入,咸鱼收入,,1.79,支付宝,,尚硅谷Java最新11月北京总部线下班，包括最新ai项目。
2025/05/30 08:00:21,日常账本,支出,饮品,,-3.5,微信钱包,,矿泉水
2025/05/29 19:59:31,日常账本,收入,咸鱼收入,,2.66,支付宝,,Java程序员阿斌手把手教学-IM项目实战课【聊天室
2025/05/29 19:31:32,日常账本,支出,其它,,-1.0,支付宝,,充值:阿里云服务购买,业务交易号:CFP202505291931269701
2025/05/29 19:02:07,日常账本,支出,餐饮,,-11.0,微信钱包,,饭
2025/05/29 17:58:32,日常账本,支出,餐饮,,-22.9,微信钱包,,消费：西安市培华学院漫威餐厅店
2025/05/29 17:15:37,日常账本,支出,其它,,-55.0,微信钱包,,微信转账（大数据作业）
2025/05/29 13:49:24,日常账本,收入,咸鱼收入,,2.7,支付宝,,web3
2025/05/29 12:17:00,日常账本,支出,餐饮,,-13.9,微信钱包,,番茄牛肉饭
2025/05/29 11:14:50,日常账本,收入,咸鱼收入,,1.79,支付宝,,尚硅谷Java最新11月北京总部线下班，包括最新ai项目。
2025/05/29 10:06:05,日常账本,支出,饮品,,-5.5,微信钱包,,苏打水
2025/05/29 09:57:56,日常账本,支出,餐饮,,-2.8,微信钱包,,包子
2025/05/29 06:35:03,日常账本,收入,咸鱼收入,,2.66,支付宝,,Java程序员阿斌手把手教学-IM项目实战课【聊天室
2025/05/28 20:03:56,日常账本,支出,餐饮,,-14.4,微信钱包,,烤肉拌饭
2025/05/28 19:41:04,日常账本,支出,其它,,-2.0,微信钱包,,门店消费
2025/05/28 17:42:13,日常账本,收入,咸鱼收入,,1.79,支付宝,,尚硅谷Java最新11月北京总部线下班，包括最新ai项目。
2025/05/28 16:17:15,日常账本,收入,咸鱼收入,,1.79,支付宝,,黑马DeepSeek+SpringAi大模型，黑马25年3月
2025/05/28 15:27:35,日常账本,收入,咸鱼收入,,1.79,支付宝,,黑马DeepSeek+SpringAi大模型，黑马25年3月
2025/05/28 12:15:53,日常账本,支出,饮品,,-8.0,微信钱包,,矿泉水
2025/05/28 12:10:54,日常账本,支出,餐饮,,-14.3,微信钱包,,番茄牛肉饭
2025/05/28 11:42:49,日常账本,收入,咸鱼收入,,1.99,支付宝,,黑马DeepSeek+SpringAi大模型，黑马25年3月
2025/05/28 10:07:16,日常账本,支出,餐饮,,-2.8,微信钱包,,包子
2025/05/28 09:03:45,日常账本,支出,其它,,-1.0,支付宝,,充值:阿里云服务购买,业务交易号:CFP202505280903405457
2025/05/27 23:08:52,日常账本,收入,咸鱼收入,,1.79,支付宝,,尚硅谷Java最新11月北京总部线下班，包括最新ai项目。
2025/05/27 21:21:01,日常账本,收入,咸鱼收入,,1.79,支付宝,,尚硅谷Java最新11月北京总部线下班，包括最新ai项目。
2025/05/27 20:47:10,日常账本,支出,餐饮,,-20.9,微信钱包,,消费：西安市培华学院漫威餐厅店
2025/05/27 19:46:26,日常账本,支出,饮品,,-6.0,微信钱包,,矿泉水
2025/05/27 17:58:03,日常账本,支出,日用,,-10.0,微信钱包,,卫生纸
2025/05/27 15:25:35,日常账本,收入,咸鱼收入,,1.79,支付宝,,尚硅谷Java最新11月北京总部线下班，包括最新ai项目。
2025/05/27 13:39:31,日常账本,支出,餐饮,,-15.0,微信钱包,,午饭
2025/05/27 10:08:07,日常账本,支出,餐饮,,-5.6,微信钱包,,包子
2025/05/27 09:13:31,日常账本,收入,咸鱼收入,,1.79,支付宝,,尚硅谷Java最新11月北京总部线下班，包括最新ai项目。
2025/05/27 09:04:42,日常账本,支出,饮品,,-3.0,微信钱包,,百岁山
2025/05/26 22:59:10,日常账本,收入,咸鱼收入,,1.79,支付宝,,尚硅谷Java最新11月北京总部线下班，包括最新ai项目。
2025/05/26 22:25:11,日常账本,收入,咸鱼收入,,1.99,支付宝,,尚硅谷Java最新11月北京总部线下班，包括最新ai项目。
2025/05/26 21:14:31,日常账本,支出,饮品,,-3.0,微信钱包,,百岁山
2025/05/26 21:13:12,日常账本,支出,饮品,,-7.5,微信钱包,,矿泉水
2025/05/26 20:38:03,日常账本,支出,其它,,-30.0,微信钱包,,水卡
2025/05/26 20:24:58,日常账本,收入,咸鱼收入,,1.79,支付宝,,尚硅谷Java最新11月北京总部线下班，包括最新ai项目。
2025/05/26 19:59:24,日常账本,支出,饮品,,-6.0,微信钱包,,外星人电解质
2025/05/26 18:14:15,日常账本,支出,购物,,-31.92,微信钱包,,活血止痛膏
2025/05/26 12:12:08,日常账本,支出,餐饮,,-12.0,微信钱包,,饭
2025/05/26 11:31:03,日常账本,收入,咸鱼收入,,1.79,支付宝,,尚硅谷Java最新11月北京总部线下班，包括最新ai项目。
2025/05/26 11:19:25,日常账本,收入,咸鱼收入,,1.79,支付宝,,尚硅谷Java最新11月北京总部线下班，包括最新ai项目。
2025/05/26 10:06:51,日常账本,支出,零食,,-3.5,微信钱包,,零食
2025/05/26 10:01:17,日常账本,收入,咸鱼收入,,1.79,支付宝,,尚硅谷Java最新11月北京总部线下班，包括最新ai项目。
2025/05/26 09:13:48,日常账本,收入,咸鱼收入,,1.79,支付宝,,黑马DeepSeek+SpringAi大模型，黑马25年3月
2025/05/26 08:07:41,日常账本,支出,游戏,,-40.0,微信钱包,,QQ会员
2025/05/26 00:02:37,日常账本,收入,咸鱼收入,,2.66,支付宝,,Java程序员阿斌手把手教学-IM项目实战课【聊天室
2025/05/25 21:50:48,日常账本,收入,咸鱼收入,,1.79,支付宝,,尚硅谷Java最新11月北京总部线下班，包括最新ai项目。
2025/05/25 21:32:14,日常账本,支出,其它,,-5.0,微信钱包,,洗衣服
2025/05/25 20:49:06,日常账本,收入,咸鱼收入,,1.75,支付宝,,Go开发工程师全套资料，项目源码+视频教程，入门到高级全覆盖
2025/05/25 19:35:44,日常账本,支出,饮品,,-6.0,微信钱包,,矿泉水
2025/05/25 19:19:31,日常账本,支出,餐饮,,-13.9,微信钱包,,番茄牛肉饭
2025/05/25 18:37:14,日常账本,收入,咸鱼收入,,1.79,支付宝,,尚硅谷Java最新11月北京总部线下班，包括最新ai项目。
2025/05/25 18:09:15,日常账本,支出,饮品,,-3.0,微信钱包,,百岁山
2025/05/25 16:46:21,日常账本,收入,咸鱼收入,,1.75,支付宝,,尚硅谷java2024北京班线下完结课程(完结无密)
2025/05/25 15:36:00,日常账本,收入,咸鱼收入,,1.3,支付宝,,【超值】黑马程序员大数据直播课-狂野大数据学习资料，全套
2025/05/25 14:15:32,日常账本,收入,咸鱼收入,,1.79,支付宝,,尚硅谷Java最新11月北京总部线下班，包括最新ai项目。
2025/05/25 12:03:06,日常账本,收入,咸鱼收入,,2.66,支付宝,,Java程序员阿斌手把手教学-IM项目实战课【聊天室
2025/05/25 09:19:14,日常账本,支出,游戏,,-6.0,微信钱包,,火影忍者手游点券(为2**933购买)
2025/05/24 22:32:54,日常账本,收入,咸鱼收入,,1.79,支付宝,,尚硅谷Java最新11月北京总部线下班，包括最新ai项目。
2025/05/24 21:39:04,日常账本,收入,咸鱼收入,,1.79,支付宝,,尚硅谷Java最新11月北京总部线下班，包括最新ai项目。
2025/05/24 20:45:59,日常账本,收入,咸鱼收入,,1.79,支付宝,,尚硅谷Java最新11月北京总部线下班，包括最新ai项目。
2025/05/24 18:51:52,日常账本,收入,咸鱼收入,,1.79,支付宝,,尚硅谷Java最新11月北京总部线下班，包括最新ai项目。
2025/05/24 17:21:25,日常账本,收入,咸鱼收入,,1.79,支付宝,,黑马DeepSeek+SpringAi大模型，黑马25年3月
2025/05/24 15:23:13,日常账本,收入,咸鱼收入,,2.7,支付宝,,web3
2025/05/24 11:38:06,日常账本,收入,咸鱼收入,,2.66,支付宝,,Java程序员阿斌手把手教学-IM项目实战课【聊天室
2025/05/24 11:17:05,日常账本,收入,咸鱼收入,,1.99,支付宝,,尚硅谷Java最新11月北京总部线下班，包括最新ai项目。
2025/05/24 10:54:27,日常账本,收入,咸鱼收入,,1.79,支付宝,,尚硅谷Java最新11月北京总部线下班，包括最新ai项目。
2025/05/24 10:07:28,日常账本,收入,咸鱼收入,,1.79,支付宝,,黑马DeepSeek+SpringAi大模型，黑马25年3月
2025/05/24 06:49:35,日常账本,收入,咸鱼收入,,1.79,支付宝,,尚硅谷Java最新11月北京总部线下班，包括最新ai项目。
2025/05/24 00:27:20,日常账本,收入,咸鱼收入,,1.99,支付宝,,mksz922-DeepSeek+SpringAI实战AI家
2025/05/23 23:36:04,日常账本,收入,咸鱼收入,,2.66,支付宝,,Java程序员阿斌手把手教学-IM项目实战课【聊天室
2025/05/23 23:09:48,日常账本,收入,咸鱼收入,,1.79,支付宝,,尚硅谷Java最新11月北京总部线下班，包括最新ai项目。
2025/05/23 23:08:45,日常账本,支出,日用,,-109.0,支付宝,,防晒
2025/05/23 20:51:18,日常账本,收入,咸鱼收入,,1.79,支付宝,,尚硅谷Java最新11月北京总部线下班，包括最新ai项目。
2025/05/23 20:32:33,日常账本,收入,咸鱼收入,,1.79,支付宝,,尚硅谷Java最新11月北京总部线下班，包括最新ai项目。
2025/05/23 19:47:37,日常账本,收入,其他,,30.11,中信银行,,网盘推广
2025/05/23 14:11:30,日常账本,收入,咸鱼收入,,2.7,支付宝,,web3
2025/05/23 13:18:25,日常账本,收入,红包,,80.0,微信钱包,,报销：拖鞋，风扇
2025/05/23 13:17:18,日常账本,支出,购物,,-49.8,微信钱包,,风扇
2025/05/23 12:29:12,日常账本,收入,咸鱼收入,,1.79,支付宝,,尚硅谷Java最新11月北京总部线下班，包括最新ai项目。
2025/05/23 12:20:54,日常账本,支出,交通,打车,-7.64,支付宝,,高德打车
2025/05/23 12:02:38,日常账本,支出,交通,打车,-6.0,支付宝,,高德打车
2025/05/23 06:45:56,日常账本,支出,游戏,,-98.0,微信钱包,,火影月卡
2025/05/23 01:35:46,日常账本,收入,咸鱼收入,,2.7,支付宝,,web3
2025/05/23 00:38:58,日常账本,收入,咸鱼收入,,1.75,支付宝,,尚硅谷java2024北京班线下完结课程(完结无密)
2025/05/22 22:13:45,日常账本,支出,其它,,-2.6,微信钱包,,留白打印-普通打印-DYS268U80351T1747923221812
2025/05/22 21:29:39,日常账本,收入,咸鱼收入,,3.0,支付宝,,web3
2025/05/22 21:20:26,日常账本,收入,咸鱼收入,,1.99,支付宝,,黑马DeepSeek+SpringAi大模型，黑马25年3月
2025/05/22 21:17:34,日常账本,收入,咸鱼收入,,1.79,支付宝,,尚硅谷Java最新11月北京总部线下班，包括最新ai项目。
2025/05/22 18:22:53,日常账本,支出,其它,,-2.7,微信钱包,,双鱼复印店-打印费
2025/05/22 16:14:46,日常账本,收入,咸鱼收入,,1.79,支付宝,,尚硅谷Java最新11月北京总部线下班，包括最新ai项目。
2025/05/22 15:35:28,日常账本,收入,咸鱼收入,,1.79,支付宝,,尚硅谷Java最新11月北京总部线下班，包括最新ai项目。
2025/05/22 15:18:49,日常账本,收入,咸鱼收入,,1.79,支付宝,,尚硅谷Java最新11月北京总部线下班，包括最新ai项目。
2025/05/22 14:48:15,日常账本,支出,餐饮,,-16.8,支付宝,,卤肉饭
2025/05/22 13:16:37,日常账本,支出,交通,,-100.0,微信钱包,,长安通互联互通充值
2025/05/22 10:58:56,日常账本,收入,咸鱼收入,,1.99,支付宝,,尚硅谷Java最新11月北京总部线下班，包括最新ai项目。
2025/05/22 09:40:34,日常账本,收入,咸鱼收入,,1.79,支付宝,,黑马DeepSeek+SpringAi大模型，黑马25年3月
2025/05/22 03:34:29,日常账本,支出,其它,,-120.0,微信钱包,,科三补考
2025/05/21 22:58:37,日常账本,收入,咸鱼收入,,2.7,支付宝,,web3
2025/05/21 22:56:32,日常账本,支出,购物,,-24.21,微信钱包,,拖鞋
2025/05/21 20:25:39,日常账本,支出,饮品,,-3.0,微信钱包,,可乐
2025/05/21 20:08:55,日常账本,支出,餐饮,,-14.0,微信钱包,,沙拉酱拌饭
2025/05/21 17:15:26,日常账本,收入,咸鱼收入,,2.66,支付宝,,Java程序员阿斌手把手教学-IM项目实战课【聊天室
2025/05/21 16:33:17,日常账本,收入,咸鱼收入,,2.7,支付宝,,web3
2025/05/21 15:13:09,日常账本,收入,咸鱼收入,,0.95,支付宝,,超值！Go语言实战流媒体视频网站资料，带源码课件助你高效掌
2025/05/21 14:43:03,日常账本,收入,咸鱼收入,,1.79,支付宝,,尚硅谷Java最新11月北京总部线下班，包括最新ai项目。
2025/05/21 12:55:14,日常账本,收入,咸鱼收入,,1.79,支付宝,,尚硅谷Java最新11月北京总部线下班，包括最新ai项目。
2025/05/21 12:34:40,日常账本,支出,餐饮,,-1.0,微信钱包,,不知道是啥了
2025/05/21 12:32:50,日常账本,支出,饮品,,-6.0,微信钱包,,矿泉水
2025/05/21 12:16:16,日常账本,支出,餐饮,,-12.9,微信钱包,,午饭
2025/05/21 10:05:11,日常账本,支出,餐饮,,-3.0,微信钱包,,土豆饼
2025/05/21 09:21:14,日常账本,收入,咸鱼收入,,1.79,支付宝,,黑马DeepSeek+SpringAi大模型，黑马25年3月
2025/05/21 00:29:52,日常账本,收入,咸鱼收入,,1.79,支付宝,,尚硅谷Java最新11月北京总部线下班，包括最新ai项目。
2025/05/20 21:22:08,日常账本,收入,咸鱼收入,,1.79,支付宝,,黑马DeepSeek+SpringAi大模型，黑马25年3月
2025/05/20 21:00:09,日常账本,收入,咸鱼收入,,1.99,支付宝,,尚硅谷Java最新11月北京总部线下班，包括最新ai项目。
2025/05/20 20:55:00,日常账本,支出,饮品,,-3.0,微信钱包,,百岁山
2025/05/20 20:37:27,日常账本,支出,餐饮,,-3.0,微信钱包,,烤肠？
2025/05/20 20:00:11,日常账本,收入,咸鱼收入,,1.79,支付宝,,尚硅谷Java最新11月北京总部线下班，包括最新ai项目。
2025/05/20 19:19:26,日常账本,收入,咸鱼收入,,1.79,支付宝,,尚硅谷Java最新11月北京总部线下班，包括最新ai项目。
2025/05/20 18:54:43,日常账本,支出,购物,,-349.21,中信银行,,电脑适配器
2025/05/20 18:39:36,日常账本,支出,饮品,,-3.0,微信钱包,,百岁山
2025/05/20 18:18:20,日常账本,支出,餐饮,,-13.8,微信钱包,,应该是饭
2025/05/20 18:06:49,日常账本,收入,咸鱼收入,,1.99,支付宝,,尚硅谷Java最新11月北京总部线下班，包括最新ai项目。
2025/05/20 17:14:23,日常账本,收入,咸鱼收入,,1.79,支付宝,,尚硅谷Java最新11月北京总部线下班，包括最新ai项目。
2025/05/20 11:57:12,日常账本,支出,餐饮,,-12.0,微信钱包,,烤鸭拌饭
2025/05/20 10:36:48,日常账本,收入,咸鱼收入,,1.79,支付宝,,尚硅谷Java最新11月北京总部线下班，包括最新ai项目。
2025/05/20 10:19:14,日常账本,收入,咸鱼收入,,1.79,支付宝,,尚硅谷Java最新11月北京总部线下班，包括最新ai项目。
2025/05/20 09:40:02,日常账本,收入,咸鱼收入,,1.79,支付宝,,尚硅谷Java最新11月北京总部线下班，包括最新ai项目。
2025/05/20 00:49:15,日常账本,收入,咸鱼收入,,1.79,支付宝,,mksz922-DeepSeek+SpringAI实战AI家
2025/05/19 18:10:51,日常账本,支出,饮品,,-3.0,微信钱包,,农夫山泉
2025/05/19 17:57:53,日常账本,支出,餐饮,,-13.0,微信钱包,,白斩鸡饭
2025/05/19 16:00:51,日常账本,收入,咸鱼收入,,1.99,支付宝,,尚硅谷Java最新11月北京总部线下班，包括最新ai项目。
2025/05/19 15:14:55,日常账本,收入,其他,,1.2,微信钱包,,微信红包-来自Zz
2025/05/19 13:31:12,日常账本,收入,咸鱼收入,,1.99,支付宝,,尚硅谷Java最新11月北京总部线下班，包括最新ai项目。
2025/05/19 12:14:01,日常账本,支出,餐饮,,-12.0,微信钱包,,麻辣拌
2025/05/19 11:44:38,日常账本,收入,咸鱼收入,,1.79,支付宝,,黑马DeepSeek+SpringAi大模型，黑马25年3月
2025/05/19 08:48:55,日常账本,收入,其他,,40.0,微信钱包,,F-妈的红包
2025/05/19 07:22:29,日常账本,收入,咸鱼收入,,1.99,支付宝,,黑马DeepSeek+SpringAi大模型，黑马25年3月
2025/05/19 00:44:55,日常账本,收入,咸鱼收入,,1.79,支付宝,,尚硅谷Java最新11月北京总部线下班，包括最新ai项目。
2025/05/18 23:55:38,日常账本,收入,咸鱼收入,,2.7,支付宝,,web3
2025/05/18 23:43:45,日常账本,收入,咸鱼收入,,2.7,支付宝,,解锁B站宝藏充电视频合集，超值内容独家享！
2025/05/18 22:31:29,日常账本,收入,咸鱼收入,,1.79,支付宝,,黑马DeepSeek+SpringAi大模型，黑马25年3月
2025/05/18 22:18:14,日常账本,收入,咸鱼收入,,1.79,支付宝,,尚硅谷Java最新11月北京总部线下班，包括最新ai项目。
2025/05/18 20:25:39,日常账本,支出,饮品,,-6.0,微信钱包,,矿泉水
2025/05/18 17:45:37,日常账本,支出,餐饮,,-19.9,中信银行,,猪脚饭
2025/05/18 15:31:43,日常账本,收入,咸鱼收入,,1.75,支付宝,,Go开发工程师全套资料，项目源码+视频教程，入门到高级全覆盖
2025/05/18 13:34:29,日常账本,支出,购物,,-99.0,微信钱包,,京东会员
2025/05/18 11:14:22,日常账本,收入,咸鱼收入,,2.66,支付宝,,Java程序员阿斌手把手教学-IM项目实战课【聊天室
2025/05/18 04:25:54,日常账本,收入,咸鱼收入,,1.99,支付宝,,尚硅谷Java最新11月北京总部线下班，包括最新ai项目。
2025/05/18 00:04:26,日常账本,收入,咸鱼收入,,1.99,支付宝,,尚硅谷Java最新11月北京总部线下班，包括最新ai项目。
2025/05/17 23:02:37,日常账本,收入,咸鱼收入,,1.79,支付宝,,尚硅谷Java最新11月北京总部线下班，包括最新ai项目。
2025/05/17 22:30:28,日常账本,收入,咸鱼收入,,1.79,支付宝,,尚硅谷Java最新11月北京总部线下班，包括最新ai项目。
2025/05/17 20:31:58,日常账本,收入,咸鱼收入,,1.79,支付宝,,尚硅谷Java最新11月北京总部线下班，包括最新ai项目。
2025/05/17 19:50:22,日常账本,支出,餐饮,,-18.81,中信银行,,新疆炒饼
2025/05/17 17:44:27,日常账本,支出,餐饮,,-18.81,,,京东外卖-牛肉冒菜
2025/05/17 15:37:37,日常账本,支出,其它,,-353.48,支付宝,,删花呗记录
2025/05/17 15:28:34,日常账本,支出,其它,,-1521.99,中信银行,,删花呗记录
2025/05/17 15:14:26,日常账本,收入,其他,,63.8,招商银行,,存零钱
2025/05/17 14:51:14,日常账本,收入,咸鱼收入,,1.79,支付宝,,尚硅谷Java最新11月北京总部线下班，包括最新ai项目。
2025/05/17 13:15:11,日常账本,收入,红包,,30.0,微信钱包,,
2025/05/17 13:12:11,日常账本,支出,购物,,-29.99,微信钱包,,小米椒
2025/05/17 12:19:52,日常账本,收入,咸鱼收入,,1.79,支付宝,,尚硅谷Java最新11月北京总部线下班，包括最新ai项目。
2025/05/17 09:20:05,日常账本,支出,游戏,,-171.0,微信钱包,,［豪华版＋传说版］忍法帖·赤红之怒(为2**933购买)
2025/05/17 01:49:53,日常账本,收入,咸鱼收入,,2.66,支付宝,,Java程序员阿斌手把手教学-IM项目实战课【聊天室
2025/05/16 20:30:03,日常账本,支出,饮品,,-1.09,中信银行,,奶茶
2025/05/16 19:23:51,日常账本,收入,咸鱼收入,,1.79,支付宝,,黑马DeepSeek+SpringAi大模型，黑马25年3月
2025/05/16 18:32:51,日常账本,支出,餐饮,,-12.0,微信钱包,,烤鸭拌饭
2025/05/16 17:22:10,日常账本,收入,咸鱼收入,,1.99,支付宝,,尚硅谷Java最新11月北京总部线下班，包括最新ai项目。
2025/05/16 16:14:19,日常账本,收入,咸鱼收入,,2.7,支付宝,,web3
2025/05/16 11:56:53,日常账本,支出,其它,,-1.9,微信钱包,,双鱼复印店-打印费
2025/05/16 11:42:21,日常账本,收入,咸鱼收入,,1.79,支付宝,,尚硅谷Java最新11月北京总部线下班，包括最新ai项目。
2025/05/16 11:34:29,日常账本,支出,餐饮,,-11.0,微信钱包,,干锅煎肉饭
2025/05/16 10:18:04,日常账本,收入,其他,,20.1,中信银行,,网盘推广
2025/05/16 04:04:18,日常账本,收入,咸鱼收入,,1.99,支付宝,,黑马DeepSeek+SpringAi大模型，黑马25年3月
2025/05/15 21:41:57,日常账本,收入,咸鱼收入,,1.79,支付宝,,尚硅谷Java最新11月北京总部线下班，包括最新ai项目。
2025/05/15 21:26:22,日常账本,支出,日用,,-13.0,微信钱包,,矿泉水和小包卫生纸
2025/05/15 20:33:12,日常账本,收入,咸鱼收入,,1.79,支付宝,,黑马DeepSeek+SpringAi大模型，黑马25年3月
2025/05/15 19:16:26,日常账本,收入,咸鱼收入,,1.79,支付宝,,尚硅谷Java最新11月北京总部线下班，包括最新ai项目。
2025/05/15 17:36:48,日常账本,支出,餐饮,,-19.84,微信钱包,,麻辣拌
2025/05/15 14:53:41,日常账本,收入,咸鱼收入,,1.79,支付宝,,尚硅谷Java最新11月北京总部线下班，包括最新ai项目。
2025/05/15 14:26:45,日常账本,收入,咸鱼收入,,1.79,支付宝,,尚硅谷Java最新11月北京总部线下班，包括最新ai项目。
2025/05/15 11:19:34,日常账本,收入,咸鱼收入,,1.99,支付宝,,尚硅谷Java最新11月北京总部线下班，包括最新ai项目。
2025/05/15 10:15:29,日常账本,收入,咸鱼收入,,1.79,支付宝,,黑马DeepSeek+SpringAi大模型，黑马25年3月
2025/05/15 10:10:35,日常账本,支出,餐饮,,-15.0,微信钱包,,炸鸡咖喱
2025/05/15 02:43:08,日常账本,收入,咸鱼收入,,1.79,支付宝,,mksz922-DeepSeek+SpringAI实战AI家
2025/05/14 23:50:33,日常账本,收入,咸鱼收入,,1.79,支付宝,,mksz922-DeepSeek+SpringAI实战AI家
2025/05/14 21:14:22,日常账本,支出,饮品,,-6.0,微信钱包,,矿泉水
2025/05/14 19:26:34,日常账本,收入,咸鱼收入,,1.79,支付宝,,尚硅谷Java最新11月北京总部线下班，包括最新ai项目。
2025/05/14 18:31:08,日常账本,收入,咸鱼收入,,2.7,支付宝,,出2025年聚客大模型资料，多期内容，涵盖项目实战、工具技术
2025/05/14 17:47:29,日常账本,收入,咸鱼收入,,2.0,支付宝,,Go开发工程师全套资料，项目源码+视频教程，入门到高级全覆盖
2025/05/14 17:21:39,日常账本,收入,咸鱼收入,,1.79,支付宝,,尚硅谷Java最新11月北京总部线下班，包括最新ai项目。
2025/05/14 17:09:30,日常账本,收入,咸鱼收入,,1.79,支付宝,,尚硅谷Java最新11月北京总部线下班，包括最新ai项目。
2025/05/14 16:29:31,日常账本,收入,咸鱼收入,,1.79,支付宝,,尚硅谷Java最新11月北京总部线下班，包括最新ai项目。
2025/05/14 14:15:31,日常账本,收入,咸鱼收入,,1.79,支付宝,,尚硅谷Java最新11月北京总部线下班，包括最新ai项目。
2025/05/14 12:39:33,日常账本,支出,餐饮,,-12.0,微信钱包,,烤鸭拌饭
2025/05/14 12:36:41,日常账本,支出,饮品,,-5.0,微信钱包,,元气森林
2025/05/14 09:32:45,日常账本,支出,饮品,,-4.0,微信钱包,,苏打水
2025/05/14 09:32:00,日常账本,支出,餐饮,,-7.5,微信钱包,,手抓饼
2025/05/14 09:04:45,日常账本,收入,咸鱼收入,,2.7,支付宝,,web3
2025/05/14 00:38:26,日常账本,收入,咸鱼收入,,2.85,支付宝,,#【Go语言微服务实战课程】&mdash;&mdash;开启微服务开发新征程！
2025/05/13 23:22:43,日常账本,收入,咸鱼收入,,2.7,支付宝,,web3
2025/05/13 19:37:25,日常账本,收入,咸鱼收入,,1.99,支付宝,,尚硅谷Java最新11月北京总部线下班，包括最新ai项目。
2025/05/13 15:57:10,日常账本,收入,咸鱼收入,,2.79,支付宝,,【GO语言实战项目】
2025/05/13 13:09:20,日常账本,支出,其它,,-10.8,支付宝,,夸克会员
2025/05/13 11:38:37,日常账本,收入,咸鱼收入,,2.79,支付宝,,【GO语言实战项目】
2025/05/13 10:57:41,日常账本,支出,餐饮,,-40.0,微信钱包,,魏斯理汉堡
2025/05/12 21:12:23,日常账本,收入,咸鱼收入,,2.7,支付宝,,web3
2025/05/12 13:05:51,日常账本,收入,咸鱼收入,,1.3,支付宝,,【超值】黑马程序员大数据直播课-狂野大数据学习资料，全套
2025/05/12 13:01:39,日常账本,支出,游戏,,-6.0,微信钱包,,深圳市腾讯天游科技有限公司
2025/05/12 11:19:54,日常账本,支出,购物,,-19.6,微信钱包,,外卖
2025/05/11 21:05:42,日常账本,收入,咸鱼收入,,2.7,支付宝,,web3
2025/05/11 17:42:30,日常账本,收入,咸鱼收入,,1.79,支付宝,,mksz922-DeepSeek+SpringAI实战AI家
2025/05/11 12:57:02,日常账本,支出,餐饮,,-99.0,微信钱包,,魏斯理汉堡
2025/05/11 11:22:34,日常账本,支出,其它,,-30.0,微信钱包,,理发
2025/05/11 10:55:01,日常账本,转账,转账,,-1000.0,中信银行,,中信银行>招商银行
2025/05/11 10:55:01,日常账本,转账,转账,,1000.0,招商银行,,中信银行>招商银行
2025/05/11 10:46:12,日常账本,收入,咸鱼收入,,3.0,支付宝,,Java程序员阿斌手把手教学-IM项目实战课【聊天室
2025/05/11 10:04:31,日常账本,支出,饮品,,-5.0,微信钱包,,元气森林
2025/05/11 09:53:00,日常账本,支出,餐饮,,-5.3,微信钱包,,早餐包子
2025/05/11 00:45:26,日常账本,收入,咸鱼收入,,2.85,支付宝,,#【Go语言微服务实战课程】&mdash;&mdash;开启微服务开发新征程！
2025/05/10 19:08:00,日常账本,支出,餐饮,,-28.0,微信钱包,,牛肉饭
2025/05/10 16:27:01,日常账本,支出,饮品,,-3.0,微信钱包,,可乐
2025/05/10 11:50:53,日常账本,支出,餐饮,,-23.79,中信银行,,新疆炒粉
2025/05/10 01:03:54,日常账本,收入,咸鱼收入,,3.0,支付宝,,全新马士兵AI大模型全链路实战课程，马士兵教育出品，帮你
2025/05/09 23:53:18,日常账本,收入,咸鱼收入,,1.75,支付宝,,Go开发工程师全套资料，项目源码+视频教程，入门到高级全覆盖
2025/05/09 22:44:47,日常账本,收入,咸鱼收入,,2.66,支付宝,,Java程序员阿斌手把手教学-IM项目实战课【聊天室
2025/05/09 18:15:09,日常账本,收入,咸鱼收入,,1.75,支付宝,,尚硅谷java2024北京班线下完结课程(完结无密)
2025/05/09 18:00:55,日常账本,收入,咸鱼收入,,2.7,支付宝,,全新马士兵AI大模型全链路实战课程，马士兵教育出品，帮你
2025/05/09 16:29:00,日常账本,收入,咸鱼收入,,2.7,支付宝,,全新马士兵AI大模型全链路实战课程，马士兵教育出品，帮你
2025/05/09 15:47:02,日常账本,收入,咸鱼收入,,3.0,支付宝,,全新马士兵AI大模型全链路实战课程，马士兵教育出品，帮你
2025/05/09 15:32:47,日常账本,收入,咸鱼收入,,2.7,支付宝,,全新马士兵AI大模型全链路实战课程，马士兵教育出品，帮你
2025/05/09 15:31:15,日常账本,收入,咸鱼收入,,3.0,支付宝,,全新马士兵AI大模型全链路实战课程，马士兵教育出品，帮你
2025/05/09 14:28:18,日常账本,收入,咸鱼收入,,2.66,支付宝,,Java程序员阿斌手把手教学-IM项目实战课【聊天室
2025/05/09 12:42:06,日常账本,收入,咸鱼收入,,3.0,支付宝,,全新马士兵AI大模型全链路实战课程，马士兵教育出品，帮你
2025/05/09 11:30:34,日常账本,收入,其他,,10.82,中信银行,,网盘推广
2025/05/09 11:29:20,日常账本,支出,餐饮,,-10.31,中信银行,,华莱士
2025/05/09 11:18:41,日常账本,收入,咸鱼收入,,3.0,支付宝,,全新马士兵AI大模型全链路实战课程，马士兵教育出品，帮你
2025/05/09 10:17:19,日常账本,收入,咸鱼收入,,2.66,支付宝,,Java程序员阿斌手把手教学-IM项目实战课【聊天室
2025/05/08 21:44:44,日常账本,收入,咸鱼收入,,2.85,支付宝,,#【Go语言微服务实战课程】&mdash;&mdash;开启微服务开发新征程！
2025/05/08 21:06:28,日常账本,收入,咸鱼收入,,2.7,支付宝,,web3
2025/05/08 19:59:41,日常账本,收入,其他,,2.0,微信钱包,,typora
2025/05/08 16:47:36,日常账本,支出,饮品,,-2.31,中信银行,,拿铁
2025/05/08 11:20:26,日常账本,支出,餐饮,,-16.71,中信银行,,午饭
2025/05/08 10:45:59,日常账本,收入,咸鱼收入,,1.75,支付宝,,尚硅谷java2024北京班线下完结课程(完结无密)
2025/05/07 22:14:22,日常账本,收入,咸鱼收入,,2.85,支付宝,,#【Go语言微服务实战课程】&mdash;&mdash;开启微服务开发新征程！
2025/05/07 20:49:24,日常账本,收入,咸鱼收入,,2.66,支付宝,,Java程序员阿斌手把手教学-IM项目实战课【聊天室
2025/05/07 15:52:20,日常账本,支出,其它,,-645.0,微信钱包,,微信转账
2025/05/07 13:05:10,日常账本,支出,餐饮,,-21.9,支付宝,,塔斯汀中国汉堡(咸宁东路店)
2025/05/07 12:41:20,日常账本,支出,游戏,,-6.0,微信钱包,,60点券*1(为2**933购买)
2025/05/07 09:24:43,日常账本,支出,餐饮,,-4.0,微信钱包,,包子
2025/05/07 09:23:40,日常账本,支出,饮品,,-4.0,微信钱包,,苏打水
2025/05/06 22:27:34,日常账本,收入,其他,,262.65,中信银行,,制冰机退款
2025/05/06 22:26:14,日常账本,收入,其他,,380.0,微信钱包,,微信转账
2025/05/06 21:36:42,日常账本,收入,咸鱼收入,,3.0,支付宝,,web3
2025/05/06 18:25:20,日常账本,支出,餐饮,,-15.4,支付宝,,猪脚饭
2025/05/06 17:24:54,日常账本,收入,咸鱼收入,,2.66,支付宝,,Java程序员阿斌手把手教学-IM项目实战课【聊天室
2025/05/06 14:26:44,日常账本,收入,咸鱼收入,,2.66,支付宝,,Java程序员阿斌手把手教学-IM项目实战课【聊天室
2025/05/05 23:17:24,日常账本,收入,咸鱼收入,,2.7,支付宝,,web3
2025/05/05 22:33:21,日常账本,收入,咸鱼收入,,2.66,支付宝,,Java程序员阿斌手把手教学-IM项目实战课【聊天室
2025/05/05 21:35:30,日常账本,支出,交通,公交地铁,-100.0,微信钱包,,长安通互联互通充值
2025/05/05 21:33:25,日常账本,支出,餐饮,,-17.0,微信钱包,,炒菜
2025/05/05 17:05:01,日常账本,支出,饮品,,-3.0,支付宝,,农夫山泉
2025/05/05 15:57:08,日常账本,支出,饮品,,-4.0,支付宝,,苏打水
2025/05/05 12:01:36,日常账本,支出,餐饮,,-23.31,中信银行,,华莱士
2025/05/04 20:25:38,日常账本,收入,咸鱼收入,,1.0,支付宝,,AGI大模型全栈实践班+智泊AI资源，全新上线！
2025/05/04 13:38:32,日常账本,收入,其他,,265.0,微信钱包,,
2025/05/04 13:36:29,日常账本,支出,购物,,-262.65,中信银行,,制冰机
2025/05/04 12:23:12,日常账本,支出,餐饮,,-17.1,微信钱包,,汉堡
2025/05/03 21:14:16,日常账本,收入,其他,,1.29,招商银行,,利息
2025/05/03 21:13:50,日常账本,收入,其他,,0.26,中信银行,,利息
2025/05/03 21:12:09,日常账本,收入,零钱通,,2.37,微信钱包,,
2025/05/03 16:15:33,日常账本,收入,咸鱼收入,,1.75,支付宝,,尚硅谷java2024北京班线下完结课程(完结无密)
2025/05/03 15:10:56,日常账本,支出,饮品,,-38.64,微信钱包,,CHAGEE霸王茶姬（陕西西安万象天地B1层店）
2025/05/03 15:07:04,日常账本,支出,服饰,,-199.0,微信钱包,,优衣库(西安万象天地店)（衬衫）
2025/05/03 13:12:41,日常账本,收入,其他,,1.08,微信钱包,,元气森林现金红包-1.08元
2025/05/03 11:26:25,日常账本,支出,游戏,,-6.0,微信钱包,,火影忍者手游点券(为2**933购买)
2025/05/03 10:35:30,日常账本,支出,购物,,-38.84,微信钱包,,电动牙刷刷头
2025/05/03 01:29:46,日常账本,收入,生活费,,47.0,微信钱包,,微信转账
2025/05/03 01:23:02,日常账本,支出,娱乐,,-93.8,支付宝,,淘票票
2025/05/02 23:39:33,日常账本,收入,咸鱼收入,,1.75,支付宝,,尚硅谷java2024北京班线下完结课程(完结无密)
2025/05/02 23:39:27,日常账本,支出,游戏,,-6.0,微信钱包,,火影忍者手游点券(为2**933购买)
2025/05/02 07:21:41,日常账本,支出,饮品,,-12.0,微信钱包,,矿泉水
2025/05/01 10:47:25,日常账本,支出,游戏,,-6.0,微信钱包,,火影忍者手游点券(为2**933购买)
2025/05/01 08:11:39,日常账本,支出,饮品,,-5.9,微信钱包,,椰子水
2025/05/01 07:24:10,日常账本,收入,咸鱼收入,,3.0,支付宝,,Java程序员阿斌手把手教学-IM项目实战课【聊天室
2025/04/30 23:38:53,日常账本,支出,饮品,,-9.0,微信钱包,,沣东新城新世叶烟酒副食店
2025/04/30 11:49:47,日常账本,支出,餐饮,,-12.0,微信钱包,,烤鸭拌饭
2025/04/30 11:48:49,日常账本,支出,饮品,,-4.0,微信钱包,,电解质水
2025/04/30 09:15:27,日常账本,支出,饮品,,-5.0,微信钱包,,元气森林
2025/04/30 09:02:06,日常账本,支出,餐饮,,-7.5,微信钱包,,手抓饼
2025/04/30 08:28:02,日常账本,支出,服饰,,-79.2,支付宝,,【活动价】250g重磅纯棉T恤男夏季短袖2025新款潮牌印花宽松百搭美式上衣男
2025/04/29 22:12:04,日常账本,收入,咸鱼收入,,2.66,支付宝,,Java程序员阿斌手把手教学-IM项目实战课【聊天室
2025/04/29 13:51:40,日常账本,支出,游戏,,-6.0,微信钱包,,支付订单(为2**933购买)
2025/04/29 11:36:59,日常账本,支出,餐饮,,-16.6,微信钱包,,肉酱拌面
2025/04/28 21:09:28,日常账本,收入,其他,,9.57,微信钱包,,微信红包-来自小帆Sail
2025/04/28 12:17:27,日常账本,支出,餐饮,,-23.0,微信钱包,,香菇滑鸡饭
2025/04/28 08:55:22,日常账本,收入,咸鱼收入,,2.66,支付宝,,Java程序员阿斌手把手教学-IM项目实战课【聊天室
2025/04/28 05:17:16,日常账本,收入,咸鱼收入,,3.0,支付宝,,Java程序员阿斌手把手教学-IM项目实战课【聊天室
2025/04/27 19:14:40,日常账本,收入,咸鱼收入,,1.3,支付宝,,【超值】黑马程序员大数据直播课-狂野大数据学习资料，全套
2025/04/27 12:26:06,日常账本,支出,餐饮,,-15.5,微信钱包,,宫保鸡丁盖饭
2025/04/26 14:07:44,日常账本,收入,咸鱼收入,,2.66,支付宝,,Java程序员阿斌手把手教学-IM项目实战课【聊天室
2025/04/26 12:06:54,日常账本,收入,红包,,35.0,微信钱包,,F-妈的红包
2025/04/26 11:27:50,日常账本,支出,零食,,-24.9,微信钱包,,芒果
2025/04/26 11:24:06,日常账本,收入,咸鱼收入,,2.66,支付宝,,Java程序员阿斌手把手教学-IM项目实战课【聊天室
2025/04/25 18:17:06,日常账本,支出,购物,,-9.0,微信钱包,,醋
2025/04/25 17:09:26,日常账本,支出,其它,,-20.0,微信钱包,,
2025/04/25 14:24:05,日常账本,支出,交通,打车,-7.14,微信钱包,,先乘后付
2025/04/25 11:27:05,日常账本,支出,交通,打车,-6.04,支付宝,,高德打车
2025/04/25 06:14:23,日常账本,支出,餐饮,,-5.5,微信钱包,,鸡蛋煎饼
2025/04/24 13:55:44,日常账本,收入,咸鱼收入,,2.66,支付宝,,Java程序员阿斌手把手教学-IM项目实战课【聊天室
2025/04/24 12:47:08,日常账本,支出,交通,打车,-6.38,支付宝,,高德打车
2025/04/24 07:39:26,日常账本,支出,餐饮,,-7.0,微信钱包,,放心早餐
2025/04/23 19:11:32,日常账本,支出,游戏,,-50.0,微信钱包,,500点券*1(为2**933购买)
2025/04/23 18:01:47,日常账本,支出,餐饮,,-13.8,微信钱包,,京东外卖晚餐
2025/04/23 12:21:46,日常账本,支出,餐饮,,-12.0,微信钱包,,烤鸭拌饭
2025/04/23 12:13:51,日常账本,支出,饮品,,-4.5,微信钱包,,七喜
2025/04/23 09:43:56,日常账本,支出,餐饮,,-7.5,微信钱包,,手抓饼
2025/04/23 09:41:56,日常账本,支出,饮品,,-5.0,微信钱包,,元气森林
2025/04/23 09:33:07,日常账本,支出,其它,,-0.2,微信钱包,,留白打印-普通打印-DYS268U80351T1745371983099
2025/04/22 23:00:00,日常账本,收入,咸鱼收入,,2.66,支付宝,,Java程序员阿斌手把手教学-IM项目实战课【聊天室
2025/04/22 17:49:56,日常账本,支出,水果捞,,-15.4,微信钱包,,水果捞
2025/04/22 17:26:32,日常账本,支出,餐饮,,-12.0,微信钱包,,烤鸭拌饭
2025/04/22 10:09:55,日常账本,支出,饮品,,-3.5,微信钱包,,苏打水
2025/04/22 10:09:05,日常账本,支出,餐饮,,-12.0,微信钱包,,烤鸭拌饭
2025/04/21 22:17:03,日常账本,支出,饮品,,-5.0,微信钱包,,冰茶
2025/04/21 13:31:37,日常账本,支出,餐饮,,-15.11,中信银行,,京东外卖-牛肉面
2025/04/21 10:41:40,日常账本,支出,餐饮,,-5.8,微信钱包,,早餐包子
2025/04/20 23:38:00,日常账本,支出,其它,,-23.7,微信钱包,,柠檬片
2025/04/20 17:56:04,日常账本,收入,咸鱼收入,,2.66,支付宝,,Java程序员阿斌手把手教学-IM项目实战课【聊天室
2025/04/20 10:21:58,日常账本,支出,餐饮,,-21.0,微信钱包,,早餐包子和甜玉米
2025/04/19 20:43:05,日常账本,支出,零食,,-67.57,中信银行,,鸡胸肉套餐
2025/04/19 20:37:34,日常账本,支出,餐饮,,-16.83,微信钱包,,三明治晚餐
2025/04/19 20:04:03,日常账本,收入,咸鱼收入,,1.75,支付宝,,Go开发工程师全套资料，项目源码+视频教程，入门到高级全覆盖
2025/04/19 18:33:22,日常账本,支出,购物,,-60.87,中信银行,,乒乓球拍
2025/04/19 09:25:55,日常账本,支出,餐饮,,-12.5,微信钱包,,早餐包子
2025/04/18 15:45:12,日常账本,收入,其他,,22.5,支付宝,,流量卡
2025/04/18 14:15:44,日常账本,支出,其它,,-100.0,微信钱包,,长安通互联互通充值
2025/04/18 10:12:03,日常账本,支出,餐饮,,-6.5,微信钱包,,早餐包子
2025/04/17 23:33:24,日常账本,收入,咸鱼收入,,2.66,支付宝,,Java程序员阿斌手把手教学-IM项目实战课【聊天室
2025/04/17 09:26:18,日常账本,支出,餐饮,,-22.4,微信钱包,,早餐包子和晚餐三明治
2025/04/17 00:18:43,日常账本,支出,服饰,,-1.97,支付宝,,短袖
2025/04/16 22:37:30,日常账本,收入,咸鱼收入,,1.3,支付宝,,【超值】黑马程序员大数据直播课-狂野大数据学习资料，全套
2025/04/16 17:07:16,日常账本,收入,其他,,10.0,,,好评返现
2025/04/16 16:16:36,日常账本,收入,投入转出,,500.68,支付宝,,
2025/04/16 13:51:31,日常账本,收入,咸鱼收入,,1.5,支付宝,,【超值】黑马程序员大数据直播课-狂野大数据学习资料，全套
2025/04/16 13:40:14,日常账本,支出,饮品,,-4.0,微信钱包,,苏打水
2025/04/16 13:29:34,日常账本,支出,餐饮,,-13.0,微信钱包,,白斩鸡饭
2025/04/16 10:15:47,日常账本,收入,咸鱼收入,,2.66,支付宝,,Java程序员阿斌手把手教学-IM项目实战课【聊天室
2025/04/16 09:46:22,日常账本,支出,餐饮,,-7.5,微信钱包,,手抓饼
2025/04/16 09:39:52,日常账本,支出,其它,,-0.4,微信钱包,,双鱼复印店-打印费
2025/04/15 23:08:22,日常账本,收入,咸鱼收入,,2.66,支付宝,,Java程序员阿斌手把手教学-IM项目实战课【聊天室
2025/04/15 20:07:21,日常账本,支出,饮品,,-10.0,微信钱包,,可乐+茶派
2025/04/15 20:01:12,日常账本,支出,水果捞,,-13.0,微信钱包,,微信主扫静态码消费
2025/04/15 19:49:02,日常账本,支出,餐饮,,-14.0,微信钱包,,卤肉饭
2025/04/15 18:55:54,日常账本,支出,服饰,,-58.34,支付宝,,速干衣
2025/04/15 10:50:46,日常账本,支出,餐饮,,-14.96,微信钱包,,便利店三明治
2025/04/15 10:44:03,日常账本,支出,餐饮,,-5.0,微信钱包,,早餐包子
2025/04/14 23:42:12,日常账本,支出,游戏,,-6.0,微信钱包,,60点券*1(为2**933购买)
2025/04/14 19:35:48,日常账本,支出,餐饮,,-14.0,微信钱包,,蘑菇炒牛肉盖面
2025/04/14 16:09:14,日常账本,收入,咸鱼收入,,1.5,支付宝,,【超值】黑马程序员大数据直播课-狂野大数据学习资料，全套
2025/04/14 12:35:04,日常账本,支出,餐饮,,-18.68,支付宝,,猪脚饭
2025/04/14 10:21:46,日常账本,支出,餐饮,,-7.0,微信钱包,,早餐包子
2025/04/14 09:46:12,日常账本,支出,其它,,-39.55,支付宝,,宠粉福利90分钟牛奶花瓣木桶浴泡澡全身精致按摩丰富简餐小吃饮品21.0...
2025/04/13 10:20:28,日常账本,支出,零食,,-4.0,微信钱包,,两根烤肠
2025/04/13 10:18:50,日常账本,收入,其他,,10.5,微信钱包,,包子钱
2025/04/13 10:04:31,日常账本,支出,餐饮,,-13.5,微信钱包,,早餐包子
2025/04/12 13:50:50,日常账本,支出,餐饮,,-10.0,,,牛肉拉面
2025/04/12 13:50:50,日常账本,支出,餐饮,,-10.0,微信钱包,,牛肉拉面
2025/04/12 10:44:49,日常账本,支出,其它,,-20.0,微信钱包,,刮刮乐
2025/04/12 01:01:27,日常账本,收入,其他,,44.55,支付宝,,退款
2025/04/11 13:28:47,日常账本,支出,餐饮,,-78.9,微信钱包,,优为客牛排自助餐厅-美团App
2025/04/11 11:53:13,日常账本,支出,服饰,,-196.0,中信银行,,烫头
2025/04/11 09:54:32,日常账本,支出,餐饮,,-7.0,微信钱包,,早餐
2025/04/10 19:01:24,日常账本,收入,咸鱼收入,,2.66,支付宝,,Java程序员阿斌手把手教学-IM项目实战课【聊天室
2025/04/10 15:56:00,日常账本,支出,交通,公交地铁,-3.0,支付宝,,地铁-马腾空-15:36:23-田家湾-15:55:57
2025/04/10 15:45:50,日常账本,支出,餐饮,,-21.9,支付宝,,塔斯汀中国汉堡(咸宁东路店)
2025/04/10 15:18:24,日常账本,支出,交通,公交地铁,-2.0,支付宝,,--乘车时间：2025-04-1015:18:22
2025/04/10 09:52:49,日常账本,收入,咸鱼收入,,2.66,支付宝,,Java程序员阿斌手把手教学-IM项目实战课【聊天室
2025/04/09 13:56:36,日常账本,支出,其它,,-450.0,微信钱包,,驾校考试费
2025/04/09 11:31:13,日常账本,支出,交通,打车,-7.6,支付宝,,高德打车
2025/04/09 10:27:33,日常账本,支出,饮品,,-5.0,支付宝,,冰茶
2025/04/09 10:26:27,日常账本,支出,餐饮,,-7.5,微信钱包,,手抓饼
2025/04/08 12:46:03,日常账本,支出,饮品,,-2.0,微信钱包,,苏打水
2025/04/08 10:47:51,日常账本,收入,工资,,1017.14,中信银行,,
2025/04/08 07:23:31,日常账本,支出,餐饮,,-7.5,微信钱包,,放心早餐
2025/04/07 15:18:53,日常账本,收入,投入转出,,625.2,微信钱包,,
2025/04/07 14:53:36,日常账本,支出,其它,,-279.93,微信钱包,,书本费
2025/04/07 14:22:51,日常账本,支出,零食,,-6.0,微信钱包,,乡巴佬鸡腿
2025/04/07 13:55:14,日常账本,支出,饮品,,-2.0,微信钱包,,苏打水
2025/04/07 09:42:27,日常账本,支出,游戏,,-6.0,微信钱包,,60点券*1(为2**933购买)
2025/04/07 08:40:33,日常账本,支出,其它,,-20.0,微信钱包,,电动车后视镜
2025/04/06 19:11:10,日常账本,支出,其它,,-20.0,微信钱包,,信息采集
2025/04/06 14:11:23,日常账本,支出,饮品,,-4.0,微信钱包,,百岁山
2025/04/06 11:58:56,日常账本,支出,其它,,-50.0,微信钱包,,电动车后视镜
2025/04/06 11:34:05,日常账本,支出,饮品,,-2.0,微信钱包,,苏打水
2025/04/06 08:25:39,日常账本,支出,游戏,,-6.0,微信钱包,,火影忍者手游点券(为2**933购买)
2025/04/05 22:39:58,日常账本,收入,红包,,10.0,微信钱包,,
2025/04/05 10:09:19,日常账本,支出,购物,,-22.9,微信钱包,,墨镜夹片
2025/04/05 10:08:08,日常账本,支出,购物,,-99.0,微信钱包,,护腰靠垫
2025/04/05 09:48:25,日常账本,支出,游戏,,-6.0,微信钱包,,火影忍者手游点券(为2**933购买)
2025/04/04 09:55:49,日常账本,支出,游戏,,-6.0,微信钱包,,火影忍者手游点券(为2**933购买)
2025/04/01 13:32:40,日常账本,支出,餐饮,,-27.0,微信钱包,,魏家凉皮
2025/04/01 10:04:28,日常账本,收入,咸鱼收入,,1.3,支付宝,,【超值】黑马程序员大数据直播课-狂野大数据学习资料，全套
2025/04/01 09:27:37,日常账本,支出,游戏,,-6.0,微信钱包,,火影忍者手游点券(为2**933购买)
2025/04/01 05:35:43,日常账本,收入,咸鱼收入,,2.79,支付宝,,【GO语言实战项目】
2025/03/30 21:13:13,日常账本,收入,咸鱼收入,,2.66,支付宝,,Java程序员阿斌手把手教学-IM项目实战课【聊天室
2025/03/29 22:22:22,日常账本,转账,转账,,-1000.0,微信钱包,,微信钱包>招商银行
2025/03/29 22:22:22,日常账本,转账,转账,,1000.0,招商银行,,微信钱包>招商银行
2025/03/29 22:14:29,日常账本,收入,红包,,10.0,微信钱包,,微信红包-来自F-爸
2025/03/29 11:05:34,日常账本,支出,交通,,-100.0,微信钱包,,长安通互联互通充值
2025/03/29 10:42:59,日常账本,支出,游戏,,-18.0,微信钱包,,药师野乃宇(为2**933购买)
2025/03/28 21:56:16,日常账本,收入,红包,,160.0,微信钱包,,微信红包-来自F-爸
2025/03/28 18:16:46,日常账本,支出,其它,,-1.9,微信钱包,,双鱼复印店-打印费
2025/03/28 09:15:48,日常账本,收入,零钱通,,4.23,微信钱包,,
2025/03/28 08:10:31,日常账本,收入,其他,,0.21,支付宝,,碰一下支付现金奖励
2025/03/28 06:45:24,日常账本,收入,其他,,0.18,支付宝,,碰一下支付现金奖励
2025/03/27 22:33:20,日常账本,收入,咸鱼收入,,1.75,支付宝,,尚硅谷java2024北京班线下完结课程(完结无密)
2025/03/27 19:30:25,日常账本,支出,其它,,-119.0,中信银行,,入职体检
2025/03/27 16:32:53,日常账本,支出,其它,,-298.0,微信钱包,,水云涧
2025/03/26 21:17:47,日常账本,收入,咸鱼收入,,3.0,支付宝,,Java程序员阿斌手把手教学-IM项目实战课【聊天室
2025/03/26 20:22:24,日常账本,支出,其它,,-0.5,微信钱包,,打印
2025/03/26 19:39:08,日常账本,支出,其它,,-8.0,微信钱包,,快递
2025/03/26 17:01:57,日常账本,收入,其他,,135.0,支付宝,,咸鱼出内存条
2025/03/26 10:03:50,日常账本,支出,游戏,,-50.0,微信钱包,,深圳市腾讯天游科技有限公司
2025/03/25 15:03:49,日常账本,收入,其他,,0.19,支付宝,,碰一下支付现金奖励
2025/03/25 10:19:33,日常账本,收入,其他,,0.2,支付宝,,碰一下支付现金奖励
2025/03/25 10:19:25,日常账本,收入,其他,,1.0,支付宝,,支付宝商家服务-收款记录
2025/03/25 08:39:51,日常账本,收入,其他,,0.23,支付宝,,碰一下支付现金奖励
2025/03/25 08:35:32,日常账本,收入,其他,,0.19,支付宝,,碰一下支付现金奖励
2025/03/24 19:13:43,日常账本,收入,其他,,0.17,支付宝,,碰一下支付现金奖励
2025/03/24 10:57:58,日常账本,支出,投入,,-340.0,微信钱包,,永赢先进制造智选混合发起A(018124)
2025/03/24 09:31:52,日常账本,支出,游戏,,-6.0,微信钱包,,60点券*1(为2**933购买)
2025/03/24 08:52:16,日常账本,收入,其他,,0.53,支付宝,,碰一下支付现金奖励
2025/03/24 08:29:22,日常账本,收入,其他,,0.51,支付宝,,碰一下支付现金奖励
2025/03/24 08:12:50,日常账本,收入,其他,,0.53,支付宝,,碰一下支付现金奖励
2025/03/24 07:11:18,日常账本,支出,投入,,-10.0,微信钱包,,永赢先进制造智选混合发起A(018124)
2025/03/24 07:10:57,日常账本,支出,投入,,-10.0,微信钱包,,国泰江源优势精选灵活配置混合A(005730)
2025/03/23 20:17:26,日常账本,收入,其他,,0.49,支付宝,,碰一下支付现金奖励
2025/03/23 16:07:28,日常账本,收入,其他,,0.47,支付宝,,碰一下支付现金奖励
2025/03/23 08:39:39,日常账本,收入,其他,,0.52,支付宝,,碰一下支付现金奖励
2025/03/22 10:14:35,日常账本,支出,日用,,-37.0,微信钱包,,面霜
2025/03/21 17:09:26,日常账本,支出,购物,,-453.0,微信钱包,,内存
2025/03/21 07:13:09,日常账本,支出,投入,,-10.0,微信钱包,,永赢先进制造智选混合发起A(018124)
2025/03/21 07:12:06,日常账本,支出,投入,,-10.0,微信钱包,,国泰江源优势精选灵活配置混合A(005730)
2025/03/20 22:17:06,日常账本,收入,火影租号,,2.6,微信钱包,,
2025/03/20 12:14:08,日常账本,支出,交通,共享单车,-1.5,中信银行,,
2025/03/20 07:27:43,日常账本,支出,投入,,-10.0,微信钱包,,永赢先进制造智选混合发起A(018124)
2025/03/20 07:10:15,日常账本,支出,投入,,-10.0,微信钱包,,国泰江源优势精选灵活配置混合A(005730)
2025/03/19 20:42:30,日常账本,支出,其它,,-1.0,支付宝,,阿里云
2025/03/19 20:42:29,日常账本,支出,其它,,-1.0,支付宝,,充值:阿里云服务购买,业务交易号:CFP202503192042249974
2025/03/19 18:17:58,日常账本,收入,其他,,0.21,支付宝,,碰一下支付现金奖励
2025/03/19 11:15:59,日常账本,收入,咸鱼收入,,1.75,支付宝,,Go开发工程师全套资料，项目源码+视频教程，入门到高级全覆盖
2025/03/19 07:31:11,日常账本,支出,投入,,-100.0,微信钱包,,国泰江源优势精选灵活配置混合A(005730)
2025/03/19 07:25:20,日常账本,支出,投入,,-10.0,微信钱包,,国泰江源优势精选灵活配置混合A(005730)
2025/03/19 07:05:45,日常账本,支出,投入,,-10.0,微信钱包,,永赢先进制造智选混合发起A(018124)
2025/03/18 07:41:56,日常账本,支出,投入,,-10.0,微信钱包,,国泰江源优势精选灵活配置混合A(005730)
2025/03/18 07:36:12,日常账本,支出,投入,,-10.0,微信钱包,,永赢先进制造智选混合发起A(018124)
2025/03/17 22:59:51,日常账本,支出,游戏,,-6.0,微信钱包,,60点券*1(为2**933购买)
2025/03/17 13:03:57,日常账本,收入,红包,,6.0,微信钱包,,F-妈的红包
2025/03/17 11:49:12,日常账本,转账,转账,,-1000.0,中信银行,,中信银行>微信钱包
2025/03/17 11:49:12,日常账本,转账,转账,,1000.0,微信钱包,,中信银行>微信钱包
2025/03/17 08:05:19,日常账本,收入,其他,,0.2,支付宝,,碰一下支付现金奖励
2025/03/17 07:45:30,日常账本,收入,其他,,0.17,支付宝,,碰一下支付现金奖励
2025/03/17 07:35:49,日常账本,支出,投入,,-10.0,微信钱包,,永赢先进制造智选混合发起A(018124)
2025/03/17 07:12:42,日常账本,支出,投入,,-10.0,微信钱包,,国泰江源优势精选灵活配置混合A(005730)
2025/03/16 17:22:41,日常账本,收入,其他,,0.21,支付宝,,碰一下支付现金奖励
2025/03/16 08:59:56,日常账本,收入,其他,,0.21,支付宝,,碰一下支付现金奖励
2025/03/16 07:56:43,日常账本,收入,其他,,0.21,支付宝,,碰一下支付现金奖励
2025/03/16 07:55:52,日常账本,收入,其他,,0.18,支付宝,,碰一下支付现金奖励
2025/03/15 18:52:10,日常账本,支出,餐饮,,-152.0,微信钱包,,潮功夫牛侠潮汕牛肉火锅-大众点评微信小程序-25031511100400001306176870987778
2025/03/15 17:39:50,日常账本,收入,其他,,0.19,支付宝,,碰一下支付现金奖励
2025/03/15 17:09:27,日常账本,收入,其他,,0.17,支付宝,,碰一下支付现金奖励
2025/03/15 16:44:12,日常账本,支出,其它,,-20.0,微信钱包,,刮刮乐
2025/03/15 15:35:41,日常账本,转账,转账,,-1000.0,中信银行,,中信银行>微信钱包
2025/03/15 15:35:41,日常账本,转账,转账,,1000.0,微信钱包,,中信银行>微信钱包
2025/03/15 15:35:06,日常账本,收入,其他,,10.0,中信银行,,网盘推广
2025/03/14 07:44:39,日常账本,收入,其他,,0.18,支付宝,,碰一下支付现金奖励
2025/03/14 07:10:46,日常账本,支出,投入,,-10.0,微信钱包,,永赢先进制造智选混合发起A(018124)
2025/03/14 07:10:36,日常账本,支出,投入,,-10.0,微信钱包,,国泰江源优势精选灵活配置混合A(005730)
2025/03/13 23:56:24,日常账本,收入,咸鱼收入,,3.0,支付宝,,【GO语言实战项目】
2025/03/13 18:18:50,日常账本,支出,其它,,-91.0,微信钱包,,云海意境足道（长乐新城D区店）-美团App-25031311100400001305789914634778
2025/03/13 10:21:11,日常账本,收入,红包,,2.78,微信钱包,,微信红包-来自颖博
2025/03/13 09:54:20,日常账本,转账,转账,,-1000.0,中信银行,,中信银行>微信钱包
2025/03/13 09:54:20,日常账本,转账,转账,,1000.0,微信钱包,,中信银行>微信钱包
2025/03/13 07:11:33,日常账本,支出,投入,,-10.0,微信钱包,,国泰江源优势精选灵活配置混合A(005730)
2025/03/13 07:11:14,日常账本,支出,投入,,-10.0,微信钱包,,永赢先进制造智选混合发起A(018124)
2025/03/12 21:36:10,日常账本,收入,火影租号,,3.4,微信钱包,,微信转账
2025/03/12 18:10:39,日常账本,收入,咸鱼收入,,1.75,支付宝,,Go开发工程师全套资料，项目源码+视频教程，入门到高级全覆盖
2025/03/12 14:20:38,日常账本,收入,其他,,0.21,支付宝,,碰一下支付现金奖励
2025/03/12 12:04:51,日常账本,转账,转账,,-1000.0,中信银行,,中信银行>微信钱包
2025/03/12 12:04:51,日常账本,转账,转账,,1000.0,微信钱包,,中信银行>微信钱包
2025/03/12 11:38:32,日常账本,收入,其他,,2613.64,中信银行,,退税
2025/03/12 07:25:55,日常账本,支出,投入,,-10.0,微信钱包,,永赢先进制造智选混合发起A(018124)
2025/03/12 07:08:24,日常账本,支出,投入,,-100.0,微信钱包,,国泰江源优势精选灵活配置混合A(005730)
2025/03/12 07:05:10,日常账本,支出,投入,,-10.0,微信钱包,,国泰江源优势精选灵活配置混合A(005730)
2025/03/11 22:10:37,日常账本,支出,购物,,-557.6,中信银行,,买燃气灶
2025/03/11 22:07:33,日常账本,收入,其他,,560.0,微信钱包,,
2025/03/11 08:09:01,日常账本,收入,其他,,0.22,支付宝,,碰一下支付现金奖励
2025/03/11 07:27:23,日常账本,支出,投入,,-10.0,微信钱包,,国泰江源优势精选灵活配置混合A(005730)
2025/03/11 07:26:37,日常账本,支出,投入,,-10.0,微信钱包,,永赢先进制造智选混合发起A(018124)
2025/03/10 10:24:49,日常账本,支出,其它,,-60.0,微信钱包,,西安市公安局交通警察支队:理论知识考试（70%-30%市省）
2025/03/10 07:47:04,日常账本,支出,投入,,-10.0,微信钱包,,永赢先进制造智选混合发起A(018124)
2025/03/10 07:46:51,日常账本,支出,投入,,-10.0,微信钱包,,国泰江源优势精选灵活配置混合A(005730)
2025/03/09 22:28:59,日常账本,收入,其他,,30.0,微信钱包,,F-妈的红包
2025/03/09 19:22:11,日常账本,收入,其他,,0.51,支付宝,,碰一下支付现金奖励
2025/03/09 18:56:13,日常账本,收入,其他,,0.45,支付宝,,碰一下支付现金奖励
2025/03/09 18:20:47,日常账本,支出,交通,公交地铁,-3.0,微信钱包,,J00005H0RJ20250309182044X0
2025/03/09 13:12:23,日常账本,收入,其他,,0.52,支付宝,,碰一下支付现金奖励
2025/03/09 12:32:33,日常账本,支出,交通,公交地铁,-1.0,微信钱包,,2025-03-0912:32乘车费用
2025/03/09 09:57:08,日常账本,收入,其他,,0.53,支付宝,,碰一下支付现金奖励
2025/03/09 08:00:19,日常账本,收入,其他,,0.49,支付宝,,碰一下支付现金奖励
2025/03/09 07:37:23,日常账本,收入,其他,,0.53,支付宝,,碰一下支付现金奖励
2025/03/08 19:15:31,日常账本,收入,其他,,0.49,支付宝,,碰一下支付现金奖励
2025/03/08 10:08:33,日常账本,收入,其他,,0.45,支付宝,,碰一下支付现金奖励
2025/03/07 18:56:23,日常账本,收入,其他,,0.52,支付宝,,碰一下支付现金奖励
2025/03/07 17:53:37,日常账本,收入,其他,,20.26,中信银行,,网盘推广
2025/03/07 17:53:17,日常账本,收入,工资,,3780.0,中信银行,,
2025/03/07 10:21:50,日常账本,收入,其他,,0.22,支付宝,,碰一下支付现金奖励
2025/03/07 10:21:43,日常账本,收入,其他,,2.0,支付宝,,支付宝商家服务-收款记录
2025/03/07 08:57:48,日常账本,收入,其他,,0.23,支付宝,,碰一下支付现金奖励
2025/03/07 07:26:12,日常账本,支出,投入,,-10.0,微信钱包,,国泰江源优势精选灵活配置混合A(005730)
2025/03/07 07:13:42,日常账本,支出,投入,,-10.0,微信钱包,,永赢先进制造智选混合发起A(018124)
2025/03/06 17:38:09,日常账本,收入,咸鱼收入,,1.75,支付宝,,Go开发工程师全套资料，项目源码+视频教程，入门到高级全覆盖
2025/03/06 07:38:09,日常账本,支出,投入,,-10.0,微信钱包,,国泰江源优势精选灵活配置混合A(005730)
2025/03/06 07:27:27,日常账本,支出,投入,,-10.0,微信钱包,,永赢先进制造智选混合发起A(018124)
2025/03/06 07:22:43,日常账本,收入,其他,,0.17,支付宝,,碰一下支付现金奖励
2025/03/05 10:11:23,日常账本,收入,咸鱼收入,,1.0,支付宝,,限时低价0.1折!只须一元!
2025/03/05 09:15:10,日常账本,收入,火影租号,,2.3,微信钱包,,
2025/03/05 08:17:27,日常账本,收入,其他,,0.17,支付宝,,碰一下支付现金奖励
2025/03/05 07:28:19,日常账本,支出,投入,,-100.0,微信钱包,,国泰江源优势精选灵活配置混合A(005730)
2025/03/05 07:22:34,日常账本,支出,投入,,-10.0,微信钱包,,国泰江源优势精选灵活配置混合A(005730)
2025/03/05 07:11:41,日常账本,支出,投入,,-10.0,微信钱包,,永赢先进制造智选混合发起A(018124)
2025/03/04 21:53:31,日常账本,收入,咸鱼收入,,1.75,支付宝,,Go开发工程师全套资料，项目源码+视频教程，入门到高级全覆盖
2025/03/04 08:11:26,日常账本,收入,其他,,0.18,支付宝,,碰一下支付现金奖励
2025/03/04 07:53:25,日常账本,收入,其他,,0.23,支付宝,,碰一下支付现金奖励
2025/03/04 07:30:47,日常账本,支出,投入,,-10.0,微信钱包,,国泰江源优势精选灵活配置混合A(005730)
2025/03/04 07:21:08,日常账本,支出,投入,,-10.0,微信钱包,,永赢先进制造智选混合发起A(018124)
2025/03/03 09:29:16,日常账本,收入,咸鱼收入,,1.75,支付宝,,尚硅谷java2024北京班线下完结课程(完结无密)
2025/03/03 07:25:35,日常账本,支出,投入,,-10.0,微信钱包,,国泰江源优势精选灵活配置混合A(005730)
2025/03/03 07:10:15,日常账本,支出,投入,,-10.0,微信钱包,,永赢先进制造智选混合发起A(018124)
2025/03/02 22:54:59,日常账本,收入,咸鱼收入,,1.75,支付宝,,尚硅谷java2024北京班线下完结课程(完结无密)
2025/03/02 22:05:19,日常账本,收入,火影租号,,4.2,微信钱包,,微信转账
2025/03/02 15:12:08,日常账本,收入,咸鱼收入,,2.0,支付宝,,Go开发工程师全套资料，项目源码+视频教程，入门到高级全覆盖
2025/03/02 13:32:47,日常账本,收入,咸鱼收入,,2.66,支付宝,,Java程序员阿斌手把手教学-IM项目实战课【聊天室
2025/03/02 11:42:22,日常账本,支出,游戏,,-6.0,微信钱包,,火影忍者手游点券(为2**933购买)
2025/03/01 19:27:37,日常账本,支出,游戏,,-6.0,微信钱包,,火影忍者手游点券(为2**933购买)
2025/03/01 18:58:42,日常账本,收入,其他,,0.21,支付宝,,碰一下支付现金奖励
2025/03/01 08:30:21,日常账本,收入,其他,,0.23,支付宝,,碰一下支付现金奖励
2025/02/28 21:45:00,日常账本,支出,游戏,,-6.0,微信钱包,,火影忍者手游点券(为2**933购买)
2025/02/28 20:48:15,日常账本,支出,投入,,-300.0,微信钱包,,永赢先进制造智选混合发起A(018124)
2025/02/28 12:37:15,日常账本,支出,其它,,-0.2,微信钱包,,西安市长安区双鱼复印部
2025/02/28 10:13:12,日常账本,支出,游戏,,-12.0,微信钱包,,支付订单(为2**933购买)
2025/02/28 08:17:38,日常账本,收入,其他,,0.21,支付宝,,碰一下支付现金奖励
2025/02/28 08:14:29,日常账本,收入,其他,,0.19,支付宝,,碰一下支付现金奖励
2025/02/28 07:46:44,日常账本,支出,投入,,-10.0,微信钱包,,永赢先进制造智选混合发起A(018124)
2025/02/28 07:35:47,日常账本,支出,投入,,-10.0,微信钱包,,国泰江源优势精选灵活配置混合A(005730)
2025/02/28 00:02:22,日常账本,支出,游戏,,-18.0,微信钱包,,千手扉间[少年](为2**933购买)
2025/02/28 00:01:12,日常账本,支出,游戏,,-6.0,微信钱包,,火影忍者手游点券(为2**933购买)
2025/02/27 21:59:25,日常账本,收入,咸鱼收入,,3.0,支付宝,,解锁B站宝藏充电视频合集，超值内容独家享！
2025/02/27 20:39:28,日常账本,支出,餐饮,,-29.6,微信钱包,,晚饭
2025/02/27 09:08:07,日常账本,支出,其它,,-0.12,微信钱包,,商户单号XP1025022709501115154631002571
2025/02/27 08:48:55,日常账本,收入,投入转出,,102.04,支付宝,,余额宝-融通易支付货币A
2025/02/27 08:14:01,日常账本,收入,其他,,0.2,支付宝,,碰一下支付现金奖励
2025/02/27 07:11:27,日常账本,支出,投入,,-10.0,微信钱包,,国泰江源优势精选灵活配置混合A(005730)
2025/02/27 07:10:52,日常账本,支出,投入,,-10.0,微信钱包,,永赢先进制造智选混合发起A(018124)
2025/02/26 07:30:20,日常账本,支出,投入,,-10.0,微信钱包,,国泰江源优势精选灵活配置混合A(005730)
2025/02/26 07:21:22,日常账本,支出,投入,,-10.0,微信钱包,,永赢先进制造智选混合发起A(018124)
2025/02/26 07:13:43,日常账本,支出,投入,,-100.0,微信钱包,,国泰江源优势精选灵活配置混合A(005730)
2025/02/25 23:23:48,日常账本,支出,投入,,-10.0,微信钱包,,永赢先进制造智选混合发起A(018124)
2025/02/25 19:29:49,日常账本,支出,其它,,-30.0,微信钱包,,水卡
2025/02/25 09:43:59,日常账本,支出,餐饮,,-5.0,微信钱包,,宫廷香酥牛肉饼
2025/02/25 08:12:45,日常账本,收入,其他,,0.2,支付宝,,碰一下支付现金奖励
2025/02/25 07:11:03,日常账本,支出,投入,,-10.0,微信钱包,,国泰江源优势精选灵活配置混合A(005730)
2025/02/24 23:50:10,日常账本,收入,咸鱼收入,,1.75,支付宝,,Go开发工程师全套资料，项目源码+视频教程，入门到高级全覆盖
2025/02/24 18:02:22,日常账本,收入,咸鱼收入,,1.75,支付宝,,尚硅谷java2024北京班线下完结课程(完结无密)
2025/02/24 16:17:26,日常账本,支出,餐饮,,-226.0,微信钱包,,欧莱雅小白瓶
2025/02/24 09:24:10,日常账本,支出,餐饮,,-5.0,微信钱包,,宫廷香酥牛肉饼
2025/02/24 09:18:27,日常账本,支出,投入,,-500.0,微信钱包,,永赢先进制造智选混合发起A(018124)
2025/02/24 08:36:32,日常账本,支出,通讯,,-100.0,微信钱包,,100元手机话费-19282977256
2025/02/24 08:34:39,日常账本,支出,通讯,,-98.0,微信钱包,,京东-手机充值订单310673601954
2025/02/24 08:31:24,日常账本,收入,其他,,0.19,支付宝,,碰一下支付现金奖励
2025/02/24 07:12:32,日常账本,支出,投入,,-10.0,微信钱包,,国泰江源优势精选灵活配置混合A(005730)
2025/02/23 15:50:22,日常账本,收入,咸鱼收入,,1.75,支付宝,,尚硅谷java2024北京班线下完结课程(完结无密)
2025/02/23 09:33:12,日常账本,收入,其他,,0.22,支付宝,,碰一下支付现金奖励
2025/02/23 08:01:30,日常账本,收入,红包,,5.58,微信钱包,,JIMILIMITADA的红包
2025/02/23 08:01:25,日常账本,收入,红包,,0.47,微信钱包,,JIMILIMITADA的红包
2025/02/23 08:01:21,日常账本,收入,红包,,2.74,微信钱包,,JIMILIMITADA的红包
2025/02/23 07:40:41,日常账本,支出,餐饮,,-5.5,微信钱包,,放心早餐
2025/02/22 15:02:43,日常账本,支出,交通,,-100.0,微信钱包,,长安通互联互通充值
2025/02/22 08:42:02,日常账本,收入,其他,,0.18,支付宝,,碰一下支付现金奖励
2025/02/22 08:36:41,日常账本,支出,餐饮,,-5.5,微信钱包,,放心早餐
2025/02/21 17:41:52,日常账本,收入,红包,,40.0,微信钱包,,微信红包-来自F-爸
2025/02/21 13:50:15,日常账本,支出,游戏,,-50.0,微信钱包,,500点券*1(为2**933购买)
2025/02/21 11:23:01,日常账本,收入,咸鱼收入,,1.75,支付宝,,Go开发工程师全套资料，项目源码+视频教程，入门到高级全覆盖
2025/02/21 11:02:36,日常账本,收入,咸鱼收入,,2.85,支付宝,,#Vue+Go企业级微服务网关项目学习资料大揭秘
2025/02/21 08:04:57,日常账本,收入,其他,,0.19,支付宝,,碰一下支付现金奖励
2025/02/21 07:10:36,日常账本,支出,投入,,-10.0,微信钱包,,国泰江源优势精选灵活配置混合A(005730)
2025/02/20 23:58:01,日常账本,收入,零钱通,,1.86,微信钱包,,
2025/02/20 17:17:30,日常账本,支出,零食,,-71.0,微信钱包,,徐强华
2025/02/20 07:37:02,日常账本,支出,投入,,-10.0,微信钱包,,国泰江源优势精选灵活配置混合A(005730)
2025/02/19 17:57:45,日常账本,支出,其它,,-0.11,微信钱包,,心之易
2025/02/19 08:05:40,日常账本,收入,其他,,0.17,支付宝,,碰一下支付现金奖励
2025/02/19 07:07:39,日常账本,支出,投入,,-100.0,微信钱包,,国泰江源优势精选灵活配置混合A(005730)
2025/02/19 07:06:31,日常账本,支出,投入,,-10.0,微信钱包,,国泰江源优势精选灵活配置混合A(005730)
2025/02/18 21:29:31,日常账本,支出,其它,,-0.11,微信钱包,,订单号:[eb2cd3879c894f7f9f420ef1787cd566]
2025/02/18 21:25:01,日常账本,支出,其它,,-0.11,微信钱包,,订单号:[da50ffce27b042c1878b1e7ffba24ecc]
2025/02/18 17:59:32,日常账本,支出,其它,,-0.11,微信钱包,,订单号:[b1f718b3b75f44668f8d20239c7e00d9]
2025/02/18 16:01:33,日常账本,支出,其它,,-0.11,微信钱包,,订单号:[1393a24a20fb4c57a3570387311f90e4]
2025/02/18 11:02:18,日常账本,收入,咸鱼收入,,2.79,支付宝,,【GO语言实战项目】
2025/02/18 07:31:15,日常账本,支出,投入,,-10.0,微信钱包,,国泰江源优势精选灵活配置混合A(005730)
2025/02/17 23:47:31,日常账本,收入,咸鱼收入,,1.75,支付宝,,Go开发工程师全套资料，项目源码+视频教程，入门到高级全覆盖
2025/02/17 17:49:17,日常账本,支出,其它,,-0.11,微信钱包,,测试
2025/02/17 17:33:34,日常账本,收入,其他,,0.2,支付宝,,碰一下支付现金奖励
2025/02/17 15:00:36,日常账本,支出,其它,,-0.11,微信钱包,,订单号:[5c8268098cba41f68eefc9e09945b36a]
2025/02/17 14:55:56,日常账本,收入,其他,,0.18,支付宝,,碰一下支付现金奖励
2025/02/17 10:20:58,日常账本,支出,游戏,,-6.0,微信钱包,,60点券*1(为2**933购买)
2025/02/17 08:10:55,日常账本,收入,其他,,0.66,支付宝,,碰一下支付现金奖励
2025/02/17 07:41:45,日常账本,支出,投入,,-10.0,微信钱包,,国泰江源优势精选灵活配置混合A(005730)
2025/02/16 14:27:05,日常账本,支出,其它,,-1.0,微信钱包,,微信转账
2025/02/16 14:26:44,日常账本,收入,其他,,1.0,支付宝,,支付宝商家服务-收款记录
2025/02/16 14:25:48,日常账本,收入,其他,,2.0,支付宝,,支付宝商家服务-收款记录
2025/02/16 14:24:48,日常账本,收入,其他,,0.58,支付宝,,碰一下支付现金奖励
2025/02/16 07:36:53,日常账本,支出,餐饮,,-5.5,微信钱包,,鸡蛋煎饼
2025/02/16 07:31:51,日常账本,收入,其他,,2.0,支付宝,,支付宝商家服务-收款记录
2025/02/15 22:29:17,日常账本,收入,咸鱼收入,,1.75,支付宝,,尚硅谷java2024北京班线下完结课程(完结无密)
2025/02/15 18:02:09,日常账本,收入,其他,,0.57,支付宝,,碰一下支付现金奖励
2025/02/15 17:42:27,日常账本,收入,其他,,0.66,支付宝,,碰一下支付现金奖励
2025/02/15 17:39:18,日常账本,支出,交通,共享单车,-2.8,微信钱包,,先乘后付
2025/02/15 16:37:01,日常账本,支出,游戏,,-6.0,微信钱包,,深圳市腾讯计算机系统有限公司
2025/02/15 14:41:28,日常账本,收入,咸鱼收入,,1.75,支付宝,,尚硅谷java2024北京班线下完结课程(完结无密)
2025/02/15 13:27:55,日常账本,收入,咸鱼收入,,1.75,支付宝,,Go开发工程师全套资料，项目源码+视频教程，入门到高级全覆盖
2025/02/15 11:28:23,日常账本,支出,餐饮,,-7.0,微信钱包,,后海王刚肉丸胡辣汤咸宁中路店
2025/02/14 20:17:12,日常账本,收入,其他,,0.56,支付宝,,碰一下支付现金奖励
2025/02/14 18:53:53,日常账本,支出,其它,,-1.0,微信钱包,,不听不听我不听的红包
2025/02/14 18:45:19,日常账本,收入,其他,,3.0,支付宝,,支付宝商家服务-收款记录
2025/02/14 18:44:59,日常账本,收入,其他,,1.0,支付宝,,支付宝商家服务-收款记录
2025/02/14 12:03:30,日常账本,支出,其它,,-8.0,微信钱包,,寄快递
2025/02/14 09:54:56,日常账本,支出,餐饮,,-5.0,微信钱包,,顺其自然
2025/02/14 09:41:41,日常账本,收入,咸鱼收入,,2.85,支付宝,,#Vue+Go企业级微服务网关项目学习资料大揭秘
2025/02/14 09:17:49,日常账本,收入,红包,,30.0,微信钱包,,F-爸的红包
2025/02/14 07:26:18,日常账本,支出,投入,,-10.0,微信钱包,,国泰江源优势精选灵活配置混合A(005730)
2025/02/13 20:02:02,日常账本,收入,其他,,0.17,支付宝,,碰一下支付现金奖励
2025/02/13 17:22:56,日常账本,收入,咸鱼收入,,2.79,支付宝,,【GO语言实战项目】
2025/02/13 09:37:38,日常账本,支出,餐饮,,-10.0,微信钱包,,宫廷香酥牛肉饼
2025/02/13 09:20:51,日常账本,收入,火影租号,,2.0,微信钱包,,
2025/02/13 08:53:42,日常账本,收入,其他,,0.2,支付宝,,碰一下支付现金奖励
2025/02/13 07:26:04,日常账本,支出,投入,,-10.0,微信钱包,,国泰江源优势精选灵活配置混合A(005730)
2025/02/12 11:15:55,日常账本,收入,红包,,2.06,微信钱包,,F-小舅的红包
2025/02/12 10:52:45,日常账本,收入,红包,,0.47,微信钱包,,JIMILIMITADA的红包
2025/02/12 09:44:38,日常账本,支出,餐饮,,-10.0,微信钱包,,宫廷香酥牛肉饼
2025/02/12 08:43:14,日常账本,收入,其他,,0.22,支付宝,,碰一下支付现金奖励
2025/02/12 07:22:50,日常账本,支出,投入,,-10.0,微信钱包,,国泰江源优势精选灵活配置混合A(005730)
2025/02/12 07:05:31,日常账本,支出,投入,,-100.0,微信钱包,,国泰江源优势精选灵活配置混合A(005730)
2025/02/11 22:40:38,日常账本,收入,咸鱼收入,,1.3,支付宝,,【超值】黑马程序员大数据直播课-狂野大数据学习资料，全套
2025/02/11 21:51:53,日常账本,支出,投入,,-100.0,微信钱包,,国泰江源优势精选灵活配置混合A(005730)
2025/02/11 09:48:18,日常账本,收入,红包,,30.0,微信钱包,,F-爸的红包
2025/02/11 09:44:40,日常账本,支出,餐饮,,-10.0,微信钱包,,宫廷香酥牛肉饼
2025/02/11 07:11:13,日常账本,支出,投入,,-10.0,微信钱包,,国泰江源优势精选灵活配置混合A(005730)
2025/02/10 18:19:24,日常账本,收入,咸鱼收入,,2.79,支付宝,,【GO语言实战项目】
2025/02/10 17:59:33,日常账本,收入,其他,,0.2,支付宝,,碰一下支付现金奖励
2025/02/10 11:55:38,日常账本,收入,咸鱼收入,,2.79,支付宝,,【GO语言实战项目】
2025/02/10 11:43:23,日常账本,支出,游戏,,-6.0,微信钱包,,60点券*1(为2**933购买)
2025/02/10 10:01:49,日常账本,支出,餐饮,,-3.0,微信钱包,,油条
2025/02/10 09:29:56,日常账本,支出,投入,,-50.0,中信银行,,蚂蚁财富-银华数字经济股票A-定投买入
2025/02/10 08:35:02,日常账本,收入,其他,,0.21,支付宝,,碰一下支付现金奖励
2025/02/10 07:12:09,日常账本,支出,投入,,-10.0,微信钱包,,国泰江源优势精选灵活配置混合A(005730)
2025/02/09 18:30:43,日常账本,收入,其他,,0.23,支付宝,,碰一下支付现金奖励
2025/02/09 12:59:23,日常账本,收入,红包,,0.12,微信钱包,,JIMILIMITADA的红包
2025/02/09 01:27:06,日常账本,收入,咸鱼收入,,2.66,支付宝,,Java程序员阿斌手把手教学-IM项目实战课【聊天室
2025/02/08 23:39:59,日常账本,支出,投入,,-50.0,中信银行,,蚂蚁财富-银华数字经济股票A-定投买入
2025/02/08 18:56:00,日常账本,收入,其他,,0.2,支付宝,,碰一下支付现金奖励
2025/02/08 11:47:01,日常账本,支出,投入,,-10.0,微信钱包,,定投
2025/02/08 09:57:26,日常账本,支出,餐饮,,-10.0,微信钱包,,宫廷香酥牛肉饼
2025/02/07 20:26:12,日常账本,收入,红包,,30.0,微信钱包,,买大米报销
2025/02/07 18:25:01,日常账本,收入,其他,,0.17,支付宝,,碰一下支付现金奖励
2025/02/07 15:23:21,日常账本,收入,其他,,0.2,支付宝,,碰一下支付现金奖励
2025/02/07 12:16:50,日常账本,收入,其他,,0.3,支付宝,,抖音提现
2025/02/07 09:06:29,日常账本,收入,其他,,0.22,支付宝,,碰一下支付现金奖励
2025/02/07 08:36:46,日常账本,支出,餐饮,,-5.0,微信钱包,,放心早餐
2025/02/06 20:18:40,日常账本,收入,咸鱼收入,,2.0,支付宝,,Go开发工程师全套资料，项目源码+视频教程，入门到高级全覆盖
2025/02/06 18:54:43,日常账本,收入,其他,,0.21,支付宝,,碰一下支付现金奖励
2025/02/06 16:35:58,日常账本,收入,咸鱼收入,,2.66,支付宝,,Java程序员阿斌手把手教学-IM项目实战课【聊天室
2025/02/06 14:45:51,日常账本,支出,其它,,-87.0,微信钱包,,云海意境足道（长乐新城D区店）-美团App-25020611100400001309583640971778
2025/02/06 11:42:13,日常账本,收入,咸鱼收入,,1.3,支付宝,,【超值】黑马程序员大数据直播课-狂野大数据学习资料，全套
2025/02/06 09:22:46,日常账本,收入,火影租号,,8.0,微信钱包,,微信转账
2025/02/06 07:55:10,日常账本,收入,其他,,0.19,支付宝,,碰一下支付现金奖励
2025/02/05 21:07:31,日常账本,收入,其他,,0.2,支付宝,,碰一下支付现金奖励
2025/02/05 18:08:20,日常账本,收入,咸鱼收入,,1.75,支付宝,,尚硅谷java2024北京班线下完结课程(完结无密)
2025/02/05 12:52:27,日常账本,支出,游戏,,-3.0,微信钱包,,火影忍者手游点券(为2**933购买)
2025/02/05 12:07:10,日常账本,支出,购物,,-31.5,微信钱包,,小米椒
2025/02/05 09:30:25,日常账本,收入,其他,,0.18,支付宝,,碰一下支付现金奖励
2025/02/05 08:37:44,日常账本,收入,其他,,0.23,支付宝,,碰一下支付现金奖励
2025/02/04 20:54:00,日常账本,收入,红包,,200.0,微信钱包,,F-爸的红包
2025/02/04 18:42:11,日常账本,收入,其他,,0.17,支付宝,,碰一下支付现金奖励
2025/02/04 17:34:46,日常账本,收入,其他,,0.19,支付宝,,碰一下支付现金奖励
2025/02/04 17:31:11,日常账本,收入,其他,,0.23,支付宝,,碰一下支付现金奖励
2025/02/04 15:17:37,日常账本,收入,咸鱼收入,,2.66,支付宝,,Java程序员阿斌手把手教学-IM项目实战课【聊天室
2025/02/04 12:37:39,日常账本,收入,其他,,13.14,中信银行,,网盘推广
2025/02/04 09:42:27,日常账本,收入,其他,,0.2,支付宝,,碰一下支付现金奖励
2025/02/04 09:29:19,日常账本,收入,其他,,0.17,支付宝,,碰一下支付现金奖励
2025/02/03 18:22:54,日常账本,支出,餐饮,,-73.0,微信钱包,,妖无二·和牛烧烤自助-美团App-25020311100400001309138653605778
2025/02/03 15:57:10,日常账本,收入,其他,,0.17,支付宝,,碰一下支付现金奖励
2025/02/03 13:20:40,日常账本,收入,零钱通,,1.69,微信钱包,,
2025/02/03 12:14:59,日常账本,收入,其他,,200.0,微信钱包,,
2025/02/03 11:29:39,日常账本,支出,购物,,-28.98,微信钱包,,白鞋清洗剂
2025/02/03 09:43:01,日常账本,收入,咸鱼收入,,2.0,支付宝,,尚硅谷java2024北京班线下完结课程(完结无密)
2025/02/02 22:57:20,日常账本,支出,购物,,-93.0,微信钱包,,梯子
2025/02/02 06:52:40,日常账本,支出,游戏,,-6.0,微信钱包,,火影忍者手游点券(为2**933购买)
2025/02/01 10:12:50,日常账本,支出,游戏,,-6.0,微信钱包,,火影忍者手游点券(为2**933购买)
2025/02/01 08:13:37,日常账本,收入,其他,,1.0,微信钱包,,2025新春红包雨活动
2025/02/01 08:11:55,日常账本,收入,其他,,0.3,微信钱包,,2025新春红包雨活动
2025/01/31 08:33:23,日常账本,支出,游戏,,-6.0,微信钱包,,火影忍者手游点券(为2**933购买)
2025/01/30 13:36:07,日常账本,收入,其他,,0.61,微信钱包,,bilibili福利红包提现
2025/01/29 18:23:25,日常账本,收入,咸鱼收入,,2.66,支付宝,,Java程序员阿斌手把手教学-IM项目实战课【聊天室
2025/01/29 07:59:01,日常账本,收入,红包,,2.03,微信钱包,,F-小舅的红包
2025/01/28 22:24:32,日常账本,收入,红包,,24.28,微信钱包,,F-爸的红包
2025/01/28 21:53:33,日常账本,收入,咸鱼收入,,2.66,支付宝,,Java程序员阿斌手把手教学-IM项目实战课【聊天室
2025/01/28 21:04:41,日常账本,收入,红包,,2.02,微信钱包,,微信红包-来自F-妈
2025/01/28 20:58:51,日常账本,收入,红包,,94.19,微信钱包,,F-大哥的红包
2025/01/28 20:57:44,日常账本,收入,红包,,7.84,微信钱包,,F-爸的红包
2025/01/28 20:55:13,日常账本,收入,红包,,25.21,微信钱包,,微信红包-来自不听不听我不听
2025/01/28 20:55:10,日常账本,支出,其它,,-200.0,微信钱包,,微信红包-发出群红包
2025/01/28 20:54:53,日常账本,收入,红包,,5.63,微信钱包,,微信红包-来自F-妈
2025/01/28 20:54:50,日常账本,收入,红包,,2.74,微信钱包,,微信红包-来自F-二妗子
2025/01/28 20:54:46,日常账本,收入,红包,,3.2,微信钱包,,微信红包-来自F-妈
2025/01/28 20:54:16,日常账本,收入,红包,,45.88,微信钱包,,F-妈的红包
2025/01/28 19:30:45,日常账本,收入,红包,,0.35,微信钱包,,微信红包-来自F-小舅
2025/01/28 19:12:49,日常账本,收入,红包,,3.89,微信钱包,,王家玉,18955772388的红包
2025/01/28 19:12:28,日常账本,收入,红包,,2.44,微信钱包,,王家玉,18955772388的红包
2025/01/27 18:15:44,日常账本,收入,火影租号,,7.0,微信钱包,,微信转账
2025/01/27 09:46:13,日常账本,支出,游戏,,-50.0,微信钱包,,收款方
2025/01/26 14:28:25,日常账本,收入,咸鱼收入,,2.66,支付宝,,Java程序员阿斌手把手教学-IM项目实战课【聊天室
2025/01/26 13:48:05,日常账本,转账,转账,,-2000.0,中信银行,,中信银行>微信钱包
2025/01/26 13:48:05,日常账本,转账,转账,,2000.0,微信钱包,,中信银行>微信钱包
2025/01/26 13:47:35,日常账本,收入,其他,,10.06,中信银行,,网盘推广
2025/01/26 09:36:03,日常账本,收入,咸鱼收入,,2.79,支付宝,,【GO语言实战项目】
2025/01/25 11:51:48,日常账本,支出,游戏,,-6.0,微信钱包,,60点券*1(为2**933购买)
2025/01/25 07:30:34,日常账本,收入,咸鱼收入,,2.85,支付宝,,#【Go语言微服务实战课程】&mdash;&mdash;开启微服务开发新征程！
2025/01/23 21:17:56,日常账本,支出,其它,,-3.8,微信钱包,,洗车券退钱
2025/01/23 21:17:46,日常账本,支出,其它,,-35.0,微信钱包,,洗车券退钱
2025/01/23 20:36:10,日常账本,支出,其它,,-35.0,微信钱包,,青春有约美发店
2025/01/23 19:29:56,日常账本,转账,转账,,-1000.0,中信银行,,中信银行>微信钱包
2025/01/23 19:29:56,日常账本,转账,转账,,1000.0,微信钱包,,中信银行>微信钱包
2025/01/23 19:29:44,日常账本,收入,工资,,3780.0,中信银行,,
2025/01/23 08:33:42,日常账本,收入,其他,,0.19,支付宝,,碰一下支付现金奖励
2025/01/22 22:12:06,日常账本,收入,咸鱼收入,,2.0,支付宝,,Go开发工程师全套资料，项目源码+视频教程，入门到高级全覆盖
2025/01/22 20:47:26,日常账本,收入,咸鱼收入,,2.0,支付宝,,尚硅谷java2024北京班线下完结课程(完结无密)
2025/01/22 20:17:11,日常账本,收入,咸鱼收入,,1.75,支付宝,,Go开发工程师全套资料，项目源码+视频教程，入门到高级全覆盖
2025/01/22 18:50:39,日常账本,收入,咸鱼收入,,1.3,支付宝,,超值分享！图灵课堂Java源码课件
2025/01/22 17:17:06,日常账本,收入,咸鱼收入,,1.3,支付宝,,超值分享！图灵课堂Java源码课件
2025/01/22 16:33:33,日常账本,收入,咸鱼收入,,1.3,支付宝,,超值分享！图灵课堂Java源码课件
2025/01/22 14:03:47,日常账本,收入,其他,,0.21,支付宝,,碰一下支付现金奖励
2025/01/22 08:00:00,日常账本,收入,其他,,0.29,支付宝,,碰一下支付现金奖励
2025/01/21 22:10:52,日常账本,支出,通讯,,-12.72,支付宝,,夸克会员
2025/01/21 19:16:36,日常账本,收入,咸鱼收入,,1.3,支付宝,,超值分享！图灵课堂Java源码课件
2025/01/21 16:26:29,日常账本,支出,游戏,,-6.0,微信钱包,,支付订单
2025/01/21 16:05:54,日常账本,收入,咸鱼收入,,1.3,支付宝,,【超值】黑马程序员大数据直播课-狂野大数据学习资料，全套
2025/01/21 14:40:55,日常账本,收入,其他,,0.23,支付宝,,碰一下支付现金奖励
2025/01/20 20:26:37,日常账本,收入,咸鱼收入,,1.3,支付宝,,超值分享！图灵课堂Java源码课件
2025/01/20 18:37:38,日常账本,收入,其他,,0.29,支付宝,,碰一下支付现金奖励
2025/01/20 17:53:50,日常账本,收入,其他,,38.8,支付宝,,退款-内外普洗2次7座(含)以内非营运车适用
2025/01/20 16:29:51,日常账本,收入,咸鱼收入,,1.3,支付宝,,超值分享！图灵课堂Java源码课件
2025/01/20 14:32:14,日常账本,收入,咸鱼收入,,2.0,支付宝,,Go开发工程师全套资料，项目源码+视频教程，入门到高级全覆盖
2025/01/20 10:28:05,日常账本,收入,其他,,0.29,支付宝,,碰一下支付现金奖励
2025/01/20 10:00:09,日常账本,收入,其他,,0.3,支付宝,,碰一下支付现金奖励
2025/01/20 08:43:40,日常账本,收入,咸鱼收入,,1.75,支付宝,,Go开发工程师全套资料，项目源码+视频教程，入门到高级全覆盖
2025/01/19 19:49:26,日常账本,收入,咸鱼收入,,1.3,支付宝,,超值分享！图灵课堂Java源码课件
2025/01/19 19:02:45,日常账本,收入,其他,,0.25,支付宝,,碰一下支付现金奖励
2025/01/19 17:23:29,日常账本,收入,咸鱼收入,,1.5,支付宝,,超值分享！图灵课堂Java源码课件
2025/01/19 15:57:51,日常账本,收入,其他,,0.22,支付宝,,碰一下支付现金奖励
2025/01/19 15:52:48,日常账本,支出,购物,,-666.33,中信银行,,手机还白条
2025/01/19 15:52:00,日常账本,转账,转账,,-348.86,微信钱包,,微信钱包>中信银行
2025/01/19 15:52:00,日常账本,转账,转账,,348.86,中信银行,,微信钱包>中信银行
2025/01/19 15:51:40,日常账本,支出,其它,,-0.01,支付宝,,杭州闲鱼信息技术有限公司
2025/01/19 15:49:24,日常账本,支出,餐饮,,-129.0,微信钱包,,必胜客
2025/01/19 15:00:08,日常账本,支出,餐饮,,-6.0,微信钱包,,烤肠
2025/01/19 12:52:02,日常账本,支出,其它,,-0.02,支付宝,,杭州闲鱼信息技术有限公司
2025/01/19 12:36:05,日常账本,收入,咸鱼收入,,2.79,支付宝,,【GO语言实战项目】
2025/01/19 11:04:13,日常账本,支出,饮品,,-5.22,支付宝,,友宝货柜
2025/01/19 09:18:31,日常账本,收入,其他,,0.25,支付宝,,碰一下支付现金奖励
2025/01/19 08:13:01,日常账本,收入,其他,,0.22,支付宝,,碰一下支付现金奖励
2025/01/19 08:05:40,日常账本,收入,其他,,0.27,支付宝,,碰一下支付现金奖励
2025/01/18 20:35:35,日常账本,收入,其他,,78.0,微信钱包,,火锅a钱
2025/01/18 20:35:35,日常账本,收入,其他,,78.0,微信钱包,,火锅a钱
2025/01/18 20:35:25,日常账本,收入,其他,,18.0,微信钱包,,黄焖鸡转钱
2025/01/18 20:28:52,日常账本,支出,餐饮,,-71.0,微信钱包,,电竞酒店a钱
2025/01/18 19:46:10,日常账本,收入,咸鱼收入,,3.0,支付宝,,Java进阶必备：从0到架构师全套资料合辑，10分钟课程，适
2025/01/18 19:41:43,日常账本,支出,餐饮,,-35.8,支付宝,,招牌单人餐小份黄焖鸡
2025/01/18 17:26:00,日常账本,收入,其他,,0.23,支付宝,,碰一下支付现金奖励
2025/01/18 11:48:16,日常账本,支出,餐饮,,-234.4,微信钱包,,牛肉火锅自助
2025/01/18 11:22:50,日常账本,支出,购物,,-1000.0,中信银行,,手机
2025/01/17 23:15:50,日常账本,收入,投入转出,,1000.12,中信银行,,
2025/01/17 21:57:22,日常账本,收入,咸鱼收入,,2.79,支付宝,,【GO语言实战项目】
2025/01/17 10:52:56,日常账本,收入,红包,,0.32,微信钱包,,
2025/01/17 10:03:53,日常账本,支出,服饰,,-559.0,微信钱包,,nike的dunk鞋
2025/01/16 23:34:57,日常账本,收入,咸鱼收入,,1.75,支付宝,,Go开发工程师全套资料，项目源码+视频教程，入门到高级全覆盖
2025/01/16 22:12:04,日常账本,收入,咸鱼收入,,1.5,支付宝,,超值分享！图灵课堂Java源码课件
2025/01/16 20:46:23,日常账本,收入,咸鱼收入,,3.0,支付宝,,Java程序员阿斌手把手教学-IM项目实战课【聊天室
2025/01/16 17:19:04,日常账本,收入,咸鱼收入,,1.75,支付宝,,【极客时间】MySQL实战45讲学习资料，超值分享！在数字化
2025/01/16 17:06:19,日常账本,收入,咸鱼收入,,3.0,支付宝,,3300套JAVA项目源码，项目设计必备！涵盖论文、答辩项目
2025/01/16 13:38:07,日常账本,收入,咸鱼收入,,2.79,支付宝,,【GO语言实战项目】
2025/01/16 13:22:54,日常账本,收入,咸鱼收入,,2.79,支付宝,,【GO语言实战项目】
2025/01/16 13:09:48,日常账本,收入,火影租号,,4.7,微信钱包,,
2025/01/16 10:52:39,日常账本,支出,其它,,-0.02,支付宝,,杭州闲鱼信息技术有限公司
2025/01/16 10:34:02,日常账本,收入,咸鱼收入,,2.79,支付宝,,【GO语言实战项目】
2025/01/16 10:32:51,日常账本,支出,其它,,-0.01,支付宝,,杭州闲鱼信息技术有限公司
2025/01/16 09:24:54,日常账本,收入,其他,,0.23,支付宝,,碰一下支付现金奖励
2025/01/16 08:07:57,日常账本,收入,其他,,0.22,支付宝,,碰一下支付现金奖励
2025/01/16 03:22:30,日常账本,收入,咸鱼收入,,2.0,支付宝,,Go开发工程师全套资料，项目源码+视频教程，入门到高级全覆盖
2025/01/15 18:46:29,日常账本,支出,其它,,-0.02,支付宝,,杭州闲鱼信息技术有限公司
2025/01/15 17:35:19,日常账本,收入,咸鱼收入,,3.0,支付宝,,【GO语言实战项目】
2025/01/15 15:36:34,日常账本,收入,咸鱼收入,,1.0,支付宝,,限时低价0.1折!只须一元!
2025/01/15 09:06:32,日常账本,收入,其他,,0.22,支付宝,,碰一下支付现金奖励
2025/01/14 18:45:20,日常账本,支出,投入,,-500.0,中信银行,,蚂蚁财富-申万宏源季季优选3个月滚动持有债券A-买入
2025/01/14 12:30:52,日常账本,收入,其他,,500.0,微信钱包,,网费报销
2025/01/14 12:14:15,日常账本,收入,其他,,0.27,支付宝,,碰一下支付现金奖励
2025/01/14 09:51:05,日常账本,收入,其他,,0.25,支付宝,,碰一下支付现金奖励
2025/01/14 08:47:44,日常账本,收入,其他,,0.23,支付宝,,碰一下支付现金奖励
2025/01/13 22:12:01,日常账本,收入,咸鱼收入,,0.51,支付宝,,尚硅谷java2024北京班线下完结课程(完结无密)
2025/01/13 18:30:48,日常账本,收入,其他,,0.25,支付宝,,碰一下支付现金奖励
2025/01/13 16:14:47,日常账本,支出,住房,网费,-499.0,微信钱包,,为尾号029029045320379充值500.0元
2025/01/13 15:51:21,日常账本,收入,其他,,0.22,支付宝,,碰一下支付现金奖励
2025/01/12 20:50:50,日常账本,收入,红包,,2.0,微信钱包,,
2025/01/12 20:50:41,日常账本,支出,餐饮,,-53.3,微信钱包,,串串
2025/01/12 17:25:26,日常账本,支出,饮品,,-3.87,支付宝,,京东便利店欧东征便利店
2025/01/12 17:22:55,日常账本,收入,其他,,0.27,支付宝,,碰一下支付现金奖励
2025/01/12 15:44:09,日常账本,收入,其他,,0.3,支付宝,,碰一下支付现金奖励
2025/01/12 10:19:42,日常账本,收入,其他,,0.27,支付宝,,碰一下支付现金奖励
2025/01/11 16:36:40,日常账本,收入,红包,,0.22,微信钱包,,JIMILIMITADA的红包
2025/01/11 16:28:11,日常账本,收入,其他,,0.32,支付宝,,碰一下支付现金奖励
2025/01/11 09:35:01,日常账本,收入,其他,,0.27,支付宝,,碰一下支付现金奖励
2025/01/10 16:48:34,日常账本,收入,其他,,0.29,支付宝,,碰一下支付现金奖励
2025/01/10 15:26:49,日常账本,收入,其他,,0.36,支付宝,,碰一下支付现金奖励
2025/01/10 11:23:06,日常账本,支出,投入,,-1000.0,中信银行,,腾安基金销售（深圳）有限公司
2025/01/10 09:55:02,日常账本,收入,火影租号,,13.58,微信钱包,,
2025/01/10 08:16:21,日常账本,收入,其他,,0.32,支付宝,,碰一下支付现金奖励
2025/01/09 22:07:14,日常账本,支出,其它,,-0.01,微信钱包,,心之易
2025/01/09 22:06:58,日常账本,支出,其它,,-0.01,微信钱包,,心之易
2025/01/09 20:47:20,日常账本,支出,其它,,-0.01,微信钱包,,心之易
2025/01/09 19:59:18,日常账本,支出,其它,,-50.0,微信钱包,,西安市高新区方图计算机零售部
2025/01/09 15:44:22,日常账本,收入,咸鱼收入,,1.0,支付宝,,Go开发工程师全套资料，项目源码+视频教程，入门到高级全覆盖
2025/01/09 10:15:08,日常账本,收入,其他,,0.28,支付宝,,碰一下支付现金奖励
2025/01/09 10:04:28,日常账本,转账,转账,,-1000.0,中信银行,,中信银行>微信钱包
2025/01/09 10:04:28,日常账本,转账,转账,,1000.0,微信钱包,,中信银行>微信钱包
2025/01/08 21:59:57,日常账本,转账,转账,,-1000.0,中信银行,,中信银行>微信钱包
2025/01/08 21:59:57,日常账本,转账,转账,,1000.0,微信钱包,,中信银行>微信钱包
2025/01/08 21:59:46,日常账本,收入,工资,,3780.0,中信银行,,
2025/01/08 17:00:20,日常账本,支出,投入,,-500.0,微信钱包,,南方香港优选(160125)
2025/01/08 08:09:38,日常账本,收入,其他,,0.28,支付宝,,碰一下支付现金奖励
2025/01/08 08:00:19,日常账本,收入,其他,,0.29,支付宝,,碰一下支付现金奖励
2025/01/08 07:59:22,日常账本,收入,其他,,0.27,支付宝,,碰一下支付现金奖励
2025/01/07 19:41:21,日常账本,支出,其它,,-0.01,支付宝,,杭州闲鱼信息技术有限公司
2025/01/07 19:36:28,日常账本,收入,咸鱼收入,,3.0,支付宝,,【GO语言实战项目】
2025/01/07 10:34:11,日常账本,收入,其他,,300.0,微信钱包,,杨鹏程还钱
2025/01/07 10:26:44,日常账本,收入,其他,,0.3,支付宝,,碰一下支付现金奖励
2025/01/07 09:31:32,日常账本,支出,餐饮,,-5.0,微信钱包,,宫廷香酥牛肉饼
2025/01/07 07:59:03,日常账本,收入,其他,,0.28,支付宝,,碰一下支付现金奖励
2025/01/06 18:23:52,日常账本,收入,其他,,0.01,微信钱包,,心之易-退款
2025/01/06 14:13:15,日常账本,支出,其它,,-0.01,微信钱包,,心之易
2025/01/06 12:27:13,日常账本,收入,零钱通,,0.17,微信钱包,,
2025/01/06 12:18:49,日常账本,收入,其他,,0.27,支付宝,,碰一下支付现金奖励
2025/01/06 11:19:31,日常账本,收入,其他,,22.0,支付宝,,蛋挞液转账
2025/01/06 11:18:59,日常账本,支出,购物,,-22.0,支付宝,,全款交易：焙小姐蛋挞皮和蛋挞液葡式酥脆蛋挞套餐空气炸锅家用烘焙组合蛋塔
2025/01/06 09:43:21,日常账本,支出,餐饮,,-5.5,微信钱包,,顺其自然
2025/01/06 07:46:56,日常账本,收入,其他,,0.28,支付宝,,碰一下支付现金奖励
2025/01/05 22:29:15,日常账本,支出,购物,,-4.79,微信钱包,,牙刷刷头盖
2025/01/05 19:36:12,日常账本,收入,其他,,0.29,支付宝,,碰一下支付现金奖励
2025/01/05 16:40:51,日常账本,收入,其他,,0.29,支付宝,,碰一下支付现金奖励
2025/01/05 10:45:33,日常账本,支出,其它,,-0.01,支付宝,,咸鱼手续费
2025/01/05 09:33:55,日常账本,收入,其他,,0.28,支付宝,,碰一下支付现金奖励
2025/01/04 20:27:03,日常账本,支出,餐饮,,-5.0,微信钱包,,椒小厨，鲜肉葱油饼（**明）
2025/01/04 16:42:52,日常账本,支出,饮品,,-7.0,微信钱包,,丹丹烟酒
2025/01/04 14:03:38,日常账本,收入,其他,,0.29,支付宝,,碰一下支付现金奖励
2025/01/04 14:03:20,日常账本,收入,其他,,0.3,支付宝,,碰一下支付现金奖励
2025/01/04 09:06:21,日常账本,收入,其他,,0.37,支付宝,,碰一下支付现金奖励
2025/01/04 07:27:22,日常账本,支出,餐饮,,-14.5,微信钱包,,付天明（**明）
2025/01/04 01:39:10,日常账本,收入,咸鱼收入,,1.0,支付宝,,Go开发工程师全套资料，项目源码+视频教程，入门到高级全覆盖
2025/01/03 21:58:02,日常账本,支出,饮品,,-4.0,微信钱包,,都悦烟酒便利
2025/01/03 21:13:10,日常账本,支出,其它,,-0.02,支付宝,,咸鱼手续费
2025/01/03 20:17:07,日常账本,支出,购物,,-1.37,支付宝,,小包卫生纸
2025/01/03 16:34:24,日常账本,收入,其他,,0.2,支付宝,,飞猪
2025/01/03 15:24:24,日常账本,支出,其它,,-0.01,微信钱包,,心之易
2025/01/03 15:22:45,日常账本,支出,其它,,-0.01,微信钱包,,心之易
2025/01/03 15:11:55,日常账本,支出,其它,,-1.0,微信钱包,,心之易
2025/01/03 14:54:41,日常账本,支出,其它,,-0.01,支付宝,,咸鱼手续费
2025/01/03 10:13:25,日常账本,支出,游戏,,-50.0,微信钱包,,深圳市腾讯天游科技有限公司
2025/01/03 09:56:04,日常账本,支出,游戏,,-6.0,微信钱包,,深圳市腾讯天游科技有限公司
2025/01/03 09:47:51,日常账本,支出,餐饮,,-5.0,微信钱包,,宫廷香酥牛肉饼
2025/01/03 07:46:13,日常账本,收入,其他,,0.36,支付宝,,碰一下支付现金奖励
2025/01/03 07:41:21,日常账本,收入,其他,,0.45,支付宝,,碰一下支付现金奖励
2025/01/02 12:30:22,日常账本,收入,其他,,3.0,支付宝,,测试碰一碰红包
2025/01/02 12:20:35,日常账本,支出,其它,,-16.32,支付宝,,广东肠粉
2025/01/02 10:13:48,日常账本,支出,游戏,,-6.0,微信钱包,,深圳市腾讯天游科技有限公司
2025/01/02 09:11:28,日常账本,收入,火影租号,,5.5,微信钱包,,
2025/01/02 08:56:30,日常账本,收入,其他,,0.37,支付宝,,碰一下支付现金奖励
2025/01/02 08:08:24,日常账本,收入,其他,,0.45,支付宝,,碰一下支付现金奖励
2025/01/01 23:13:02,日常账本,支出,其它,,-6.0,支付宝,,柚崽
2025/01/01 21:36:11,日常账本,支出,游戏,,-6.0,微信钱包,,深圳市腾讯计算机系统有限公司
2025/01/01 20:04:00,日常账本,收入,其他,,3.0,支付宝,,测试碰一碰红包
2025/01/01 17:45:39,日常账本,支出,游戏,,-6.0,微信钱包,,深圳市腾讯天游科技有限公司
2025/01/01 16:39:23,日常账本,收入,其他,,0.47,支付宝,,碰一下支付现金奖励
2025/01/01 16:38:47,日常账本,收入,其他,,0.37,支付宝,,碰一下支付现金奖励
2025/01/01 15:32:37,日常账本,收入,其他,,135.0,微信钱包,,
2025/01/01 11:25:24,日常账本,支出,购物,,-133.15,支付宝,,西安盒马
2025/01/01 11:10:03,日常账本,收入,其他,,1.0,支付宝,,测试支付宝碰一碰红包
2025/01/01 11:09:25,日常账本,收入,其他,,1.3,支付宝,,测试支付宝碰一碰红包
2025/01/01 10:35:08,日常账本,支出,购物,,-19.84,微信钱包,,达克宁
2025/01/01 10:31:34,日常账本,收入,其他,,0.45,支付宝,,碰一下支付现金奖励
2025/01/01 07:45:33,日常账本,收入,其他,,0.58,支付宝,,碰一下支付现金奖励
